-- MySQL dump 10.9
--
-- Host: localhost    Database: keliones_development
-- ------------------------------------------------------
-- Server version	4.1.22

/*!40101 SET @OLD_CHARACTER_SET_CLIENT=@@CHARACTER_SET_CLIENT */;
/*!40101 SET @OLD_CHARACTER_SET_RESULTS=@@CHARACTER_SET_RESULTS */;
/*!40101 SET @OLD_COLLATION_CONNECTION=@@COLLATION_CONNECTION */;
/*!40101 SET NAMES utf8 */;
/*!40014 SET @OLD_UNIQUE_CHECKS=@@UNIQUE_CHECKS, UNIQUE_CHECKS=0 */;
/*!40014 SET @OLD_FOREIGN_KEY_CHECKS=@@FOREIGN_KEY_CHECKS, FOREIGN_KEY_CHECKS=0 */;
/*!40101 SET @OLD_SQL_MODE=@@SQL_MODE, SQL_MODE='NO_AUTO_VALUE_ON_ZERO' */;
/*!40111 SET @OLD_SQL_NOTES=@@SQL_NOTES, SQL_NOTES=0 */;

--
-- Table structure for table `mps`
--

DROP TABLE IF EXISTS `mps`;
CREATE TABLE `mps` (
  `id` int(11) NOT NULL auto_increment,
  `name_in_reports` varchar(100) default NULL,
  PRIMARY KEY  (`id`)
) ENGINE=MyISAM AUTO_INCREMENT=1870 DEFAULT CHARSET=latin1;

--
-- Dumping data for table `mps`
--

LOCK TABLES `mps` WRITE;
/*!40000 ALTER TABLE `mps` DISABLE KEYS */;
INSERT INTO `mps` VALUES (1735,'Venclovas Romas'),(1736,'Mogenienë Laima'),(1737,'Juozapaitis Jonas'),(1738,'Dagys Rimantas Jonas'),(1739,'Simulik Valerijus'),(1740,'Baltraitienë Virginija'),(1741,'Þiemelis Vidmantas'),(1742,'Pekeliûnas Alfredas'),(1743,'Martinkaitienë Vilma'),(1744,'Olekas Juozas'),(1745,'Gedvilas Vydas'),(1746,'Tomaðevski Valdemar'),(1747,'Poèikovska Leokadija'),(1748,'Visockytë Ramunë'),(1749,'Valionis Antanas'),(1750,'Smetona Rimantas'),(1751,'Sabutis Liudvikas'),(1752,'Kamblevièius Vytautas'),(1753,'Zingeris Emanuelis'),(1754,'Vësaitë Birutë'),(1755,'Masiulis Eligijus'),(1756,'Boreikienë Violeta'),(1757,'Kðanienë Romualda'),(1758,'Endzinas Audrius'),(1759,'Paleckis Algirdas'),(1760,'Pabedinskas Skirmantas'),(1761,'Grauþinienë Loreta'),(1762,'Barakauskas Dailis Alfonsas'),(1763,'Sabatauskas Julius'),(1764,'Vrubliauskas Algirdas'),(1765,'Veselka Julius'),(1766,'Staponkienë Aldona'),(1767,'Aleknaitë Abramikienë Vilija'),(1768,'Sadeckas Alvydas'),(1769,'Þymantas Manfredas'),(1770,'Þakaitienë Roma'),(1771,'Matulevièius Algimantas'),(1772,'Èekuolis Jonas'),(1773,'Peèeliûnas Saulius'),(1774,'Rinkevièius Viktoras'),(1775,'Mazuronis Valentinas'),(1776,'Þukauskas Henrikas'),(1777,'Turèinskas Rimvydas'),(1778,'Aþubalis Audronius'),(1779,'Degutienë Irena'),(1780,'Boguðis Vytautas'),(1781,'Petrauskienë Milda'),(1782,'Bobelis Kazys'),(1783,'Butkevièius Algirdas'),(1784,'Karpickienë Etela'),(1785,'Jakuèionis Povilas'),(1786,'Lionginas Jonas'),(1787,'Kupèinskas Rytas'),(1788,'Vilkas Pranas'),(1789,'Girdauskas Saulius'),(1790,'Auðtrevièius Petras'),(1791,'Muntianas Viktoras'),(1792,'Ðiaulienë Irena'),(1793,'Rimas Algis'),(1794,'Bekintienë Danutë'),(1795,'Baranauskas Andrius'),(1796,'Bradauskas Bronius'),(1797,'Balsienë Aldona'),(1798,'Zinkevièiûtë Jadvyga'),(1799,'Sereika Albertas'),(1800,'Grubliauskas Vytautas'),(1801,'Jagminas Jonas'),(1802,'Ivanauskas Algirdas'),(1803,'Dumèius Arimantas'),(1804,'Steiblienë Nijolë'),(1805,'Bosas Antanas'),(1806,'Èigriejienë Vida Marija'),(1807,'Starkevièius Kazys'),(1808,'Saulis Vytautas'),(1809,'Navickas Vytas'),(1810,'Pauþa Bronius'),(1811,'Mikutienë Dangutë'),(1812,'Mikolaitis Gintautas'),(1813,'Glaveckas Kæstutis'),(1814,'Klumbys Egidijus'),(1815,'Þvikienë Zita'),(1816,'Volèiok Vladimiras'),(1817,'Aèas Remigijus'),(1818,'Vertelienë Vilija'),(1819,'Ðukys Raimondas'),(1820,'Sysas Algirdas'),(1821,'Remeika Rimantas'),(1822,'Subaèius Mindaugas'),(1823,'Teiðerskytë Dalia'),(1824,'Mikelis Stasys'),(1825,'Palaitis Raimundas'),(1826,'Karosas Justinas'),(1827,'Monkevièius Algirdas'),(1828,'Graþulis Petras'),(1829,'Lapënas Saulius'),(1830,'Orechov Vladimir'),(1831,'Paulauskas Artûras'),(1832,'Galvonas Vytautas'),(1833,'Þakaris Edvardas'),(1834,'Kubilius Andrius'),(1835,'Balèytis Zigmantas'),(1836,'Pinskus Jonas'),(1837,'Stankeviè Vaclav'),(1838,'Palionis Juozas'),(1839,'Bukauskas Valentinas'),(1840,'Vareikis Egidijus'),(1841,'Steponavièius Gintaras'),(1842,'Garbaravièius Ramûnas'),(1843,'Kaðëta Algis'),(1844,'Bucevièius Saulius'),(1845,'Baðkienë Rima'),(1846,'Matulas Antanas'),(1847,'Baðys Rimantas'),(1848,'Domarkas Virginijus'),(1849,'Mikutis Zenonas'),(1850,'Pitrënienë Audronë'),(1851,'Jakavonis Gediminas'),(1852,'Lydeka Arminas'),(1853,'Jankauskas Donatas'),(1854,'Margevièienë Vincë Vaidevutë'),(1855,'Ramonas Jonas'),(1856,'Juknevièienë Rasa'),(1857,'Valiukevièiûtë Ona'),(1858,'Jaruðevièius Juozas'),(1859,'Draugelis Vytautas Sigitas'),(1860,'Baguðka Petras'),(1861,'Jurðënas Èeslovas'),(1862,'Dautartas Julius'),(1863,'Pupinis Edmundas'),(1864,'Èaplikas Algis'),(1865,'Pavilionienë Marija Auðrinë'),(1866,'Èepas Vytautas'),(1867,'Ðkil Viaèeslav'),(1868,'Ðileikis Gintaras'),(1869,'Skardþius Artûras');
/*!40000 ALTER TABLE `mps` ENABLE KEYS */;
UNLOCK TABLES;

--
-- Table structure for table `state_labels`
--

DROP TABLE IF EXISTS `state_labels`;
CREATE TABLE `state_labels` (
  `id` int(11) NOT NULL auto_increment,
  `label` varchar(120) default NULL,
  `state_id` int(11) NOT NULL default '0',
  PRIMARY KEY  (`id`)
) ENGINE=MyISAM AUTO_INCREMENT=259 DEFAULT CHARSET=latin1;

--
-- Dumping data for table `state_labels`
--

LOCK TABLES `state_labels` WRITE;
/*!40000 ALTER TABLE `state_labels` DISABLE KEYS */;
INSERT INTO `state_labels` VALUES (1,'Afganistano Islamo Valstybë',2869),(2,'Airijos Respublika',2870),(3,'Albanijos Respublika',2871),(4,'Alþyro Liaudies Demokratinë Respublika',2872),(5,'Rytø Samoa',2873),(6,'Andoros Kunigaikðtystë',2874),(7,'Angilija',2875),(8,'Angolos Respublika',2876),(9,'Antarktida',2877),(10,'Antigva ir Barbuda',2878),(11,'Argentinos Respublika',2879),(12,'Armënijos Respublika',2880),(13,'Aruba',2881),(14,'Australija',2882),(15,'Austrijos Respublika',2883),(16,'Azerbaidþano Respublika',2884),(17,'Bahamø Sandrauga; Bahamai',2885),(18,'Bahreino Karalystë',2886),(19,'Baltarusijos Respublika',2887),(20,'Bangladeðo Liaudies Respublika',2888),(21,'Barbadosas',2889),(22,'Belgijos Karalystë',2890),(23,'Belizas',2891),(24,'Benino Respublika',2892),(25,'Bermudai',2893),(26,'Bisau Gvinëjos Respublika',2894),(27,'Bolivijos Respublika',2895),(28,'Bosnijos ir Hercegovinos Respublika',2896),(29,'Botsvanos Respublika',2897),(30,'Buvë sala',2898),(31,'Brazilijos Federacinë Respublika',2899),(32,'Brunëjaus Darusalamas',2900),(33,'Bulgarijos Respublika',2901),(34,'Burkina Fasas',2902),(35,'Burundþio Respublika',2903),(36,'Butano Karalystë',2904),(37,'Centrinës Afrikos Respublika',2905),(38,'Èado Respublika',2906),(39,'Èekijos Respublika',2907),(40,'Èilës Respublika',2908),(41,'Danijos Karalystë',2909),(42,'Didþiosios Britanijos Mergeliø salos',2910),(43,'Dominikos Sandrauga',2911),(44,'Dominikos Respublika',2912),(45,'Dramblio Kaulo Kranto Respublika',2913),(46,'Dþibuèio Respublika',2914),(47,'Egipto Arabø Respublika',2915),(48,'Ekvadoro Respublika',2916),(49,'Eritrëja',2917),(50,'Estijos Respublika',2918),(51,'Etiopijos Federacinë Demokratinë Respublika',2919),(52,'Malvinø salos',2920),(53,'Farerø salos',2921),(54,'Fidþio Salø Respublika',2922),(55,'Filipinø Respublika',2923),(56,'Gabono Respublika',2924),(57,'Gajanos Respublika',2925),(58,'Gambijos Respublika',2926),(59,'Ganos Respublika',2927),(60,'Gibraltaras',2928),(61,'Graikijos Respublika',2929),(62,'Grenada',2930),(63,'Grenlandija',2931),(64,'Gruzija',2932),(256,'Makedonijos Respublika',2992),(66,'Prancûzija Gvadelupa',2934),(67,'Gvatemalos Respublika',2935),(68,'Gvinëjos Respublika',2936),(69,'Haièio Respublika',2937),(70,'Herdo ir Makdonaldo salos',2938),(71,'Hondûro Respublika',2939),(72,'Siangangas',2940),(73,'Indijos Respublika',2941),(74,'Indijos vandenyno britø salos',2942),(75,'Indonezijos Respublika',2943),(76,'Irako Respublika',2944),(77,'Irano Islamo Respublika',2945),(78,'Islandijos Respublika',2946),(79,'Ispanijos Karalystë',2947),(80,'Italijos Respublika',2948),(81,'Izraelio Valstybë',2949),(82,'Jamaika',2950),(83,'Japonija',2951),(84,'Jemeno Respublika',2952),(85,'Jordanijos Haðimitø Karalystë',2953),(86,'Jungtiniai Arabø Emiratai',2954),(87,'Jungtinë Didþiosios Britanijos ir Ðiaurës Airijos Karalystë',2955),(88,'Jungtinës Amerikos Valstijos',2956),(89,'Juodkalnija',2957),(90,'Kaimanø salos',2958),(91,'Kalëdø sala',2959),(92,'Kambodþos Karalystë',2960),(93,'Kamerûno Respublika',2961),(94,'Kanada',2962),(95,'Kataro Valstybë',2963),(96,'Kazachstano Respublika',2964),(97,'Kenijos Respublika',2965),(98,'Kinijos Liaudies Respublika',2966),(99,'Kipro Respublika',2967),(100,'Kirgizijos Respublika',2968),(101,'Kiribaèio Respublika',2969),(102,'Kilingo salos',2970),(103,'Kolumbijos Respublika',2971),(104,'Komorø Federacinë Islamo Respublika',2972),(105,'Kongo Demokratinë Respublika',2973),(106,'Kongo Respublika',2974),(107,'Kosta Rikos Respublika',2975),(108,'Kroatijos Respublika',2976),(109,'Kubos Respublika',2977),(110,'Kuko salos',2978),(111,'Kuveito Valstybë',2979),(112,'Laoso Liaudies Demokratinë Respublika',2980),(113,'Latvijos Respublika',2981),(114,'Lenkijos Respublika',2982),(115,'Lesoto Karalystë',2983),(116,'Libano Respublika',2984),(117,'Liberijos Respublika',2985),(118,'Libijos Arabø Socialistinë Liaudies Dþamahirija',2986),(119,'Lichtenðteino Kunigaikðtytë',2987),(120,'Lietuvos Respublika',2988),(121,'Liuksemburgo Didþioji Hercogystë',2989),(122,'Aomenas',2990),(123,'Madagaskaro Respublika',2957),(124,'Buvusioji Jugoslavijos Respublika Makedonija',2992),(125,'Malaizija',2993),(126,'Malavio Respublika',2994),(127,'Maldyvø Respublika',2995),(128,'Malio Respublika',2996),(129,'Maltos Respublika',2997),(130,'Marianos ðiaurinës salos',2998),(131,'Maroko Karalystë',2999),(132,'Martinika',3000),(133,'Marðalo Salø Respublika',3001),(134,'Mauricijaus Respublika',3002),(135,'Mauritanijos Islamo Respublika',3003),(136,'Mayotte\'as',3004),(137,'Meksikos Jungtinës Valstijos',3005),(138,'Mergeliø salos (JAV)',3006),(139,'Mianmaro Sàjunga',3007),(140,'Mikronezijos Federacinës Valstijos',3008),(141,'Moldovos Respublika',3009),(142,'Monako Kunigaikðtystë',3010),(143,'Mongolija',3011),(144,'Montseratas',3012),(145,'Mozambiko Respublika',3013),(146,'Namibijos Respublika',3014),(147,'Naujoji Kaledonija',3015),(148,'Naujoji Zelandija',3016),(149,'Nauru Respublika',3017),(150,'Nepalo Karalystë',3018),(151,'Nyderlandø Karalystë',3019),(152,'Nyderlandø Antilai',3020),(153,'Nigerijos Federacinë Respublika',3021),(154,'Nigerio Respublika',3022),(155,'Nikaragvos Respublika',3023),(156,'Niujës sala',3024),(157,'Norfolko sala',3025),(158,'Norvegijos Karalystë',3026),(159,'Omano Sultonatas',3027),(160,'Pakistano Islamo Respublika',3028),(161,'Palau Respublika',3029),(162,'Okupuota Palestinos teritorija',3030),(163,'Panamos Respublika',3031),(164,'Papua Naujoji Gvinëja',3032),(165,'Paragvajaus Respublika',3033),(166,'Peru Respublika',3034),(167,'Pietø Afrikos Respublika',3035),(168,'Pietø Dþordþija ir Pietø Sandvièo salos',3036),(169,'Korëjos Respublika',3037),(170,'Pitkerno salos',3038),(171,'Portugalijos Respublika',3039),(172,'Prancûzijos Gviana',3040),(173,'Prancûzijos Polinezija',3041),(174,'Prancûzijos Respublika',3042),(175,'Prancûzijos Pietø ir Antarkties sritys',3043),(176,'Puerto Rikas',3044),(177,'Pusiaujo Gvinëjos Respublika',3045),(178,'Reunionas',3046),(179,'Ruandos Respublika',3047),(180,'Rumunija',3048),(181,'Rusijos Federacija',3049),(182,'Rytø Timoras',3050),(183,'Saliamono salos',3051),(184,'Salvadoro Respublika',3052),(185,'Samoa Nepriklausomoji Valstybë',3053),(186,'San Marino Respublika',3054),(187,'San Tomës ir Prinsipës Demokratinë Respublika',3055),(188,'Saudo Arabijos Karalystë',3056),(189,'Seiðeliø Respublika',3057),(190,'Sen Pjeras ir Mikelonas',3058),(191,'Senegalo Respublika',3059),(192,'Sent Kitsas ir Nevis',3060),(193,'Sent Lusija',3061),(194,'Sent Vinsentas ir Grenadinai',3062),(195,'Ðvedijos Karalystë',3063),(196,'Siera Leonës Respublika',3064),(197,'Singapûro Respublika',3065),(198,'Sirijos Arabø Respublika',3066),(199,'Slovakijos Respublika',3067),(200,'Slovënijos Respublika',3068),(201,'Somalio Demokratinë Respublika',3069),(202,'Sudano Respublika',3070),(203,'Suomijos Respublika',3071),(204,'Surinamo Respublika',3072),(205,'Svazilando Karalystë',3073),(206,'Korëjos Liaudies Demokratinë Respublika',3074),(207,'Svalbardas ir Jan Mayenas',3075),(208,'Ðri Lankos Demokratinë Socialistinë Respublika',3076),(209,'Ðventosios Elenos sala',3077),(258,'Pietø Afrika',3035),(211,'Ðveicarijos Konfederacija',3079),(212,'Tadþikistano Respublika',3080),(213,'Tailando Karalystë',3081),(214,'Kinijos Respublika',3082),(215,'Tanzanijos Jungtinë Respublika',3083),(216,'Togo Respublika',3084),(217,'Tokelau',3085),(218,'Tongos Karalystë',3086),(219,'Trinidado ir Tobago Respublika',3087),(220,'Tuniso Respublika',3088),(221,'Turkijos Respublika',3089),(222,'Turkmënistanas',3090),(223,'Terkso ir Kaiko salos',3091),(224,'Tuvalu',3092),(225,'Ugandos Respublika',3093),(226,'Ukraina',3094),(227,'Urugvajaus Rytø Respublika',3095),(228,'Uzbekistano Respublika',3096),(229,'Vakarø Sachara',3097),(230,'Vanuatu Respublika',3098),(231,'Vatikano Miesto Valstybë; Ðventasis Sostas',3099),(232,'Venesuelos Respublika',3100),(233,'Vengrijos Respublika',3101),(234,'Vietnamo Socialistinë Respublika',3102),(235,'Vokietijos Federacinë Respublika',3103),(236,'Volio ir Futunos salos',3104),(237,'Zambijos Respublika',3105),(238,'Zimbabvës Respublika',3106),(239,'Þaliojo Kyðulio Respublika',3107),(253,'Jungtiniai Arabø Emyratai',2954),(254,'Bosnijos ir Hercogovinos Respublika',2896),(244,'Albanija',2871),(245,'Taivanas',3082),(246,'Serbija ir Juodkalnija',3120),(247,'Makedonija',2992),(250,'Gruzijos Respublika',2932),(251,'Afganistanas',2869),(252,'Airija',2870),(255,'Serbija',3120),(257,'Jugoslavija',3120);
/*!40000 ALTER TABLE `state_labels` ENABLE KEYS */;
UNLOCK TABLES;

--
-- Table structure for table `state_unions`
--

DROP TABLE IF EXISTS `state_unions`;
CREATE TABLE `state_unions` (
  `id` int(11) NOT NULL auto_increment,
  `name` varchar(10) default NULL,
  `lng` varchar(10) default NULL,
  `lat` varchar(10) default NULL,
  PRIMARY KEY  (`id`)
) ENGINE=MyISAM AUTO_INCREMENT=2 DEFAULT CHARSET=latin1;

--
-- Dumping data for table `state_unions`
--

LOCK TABLES `state_unions` WRITE;
/*!40000 ALTER TABLE `state_unions` DISABLE KEYS */;
INSERT INTO `state_unions` VALUES (1,'ES','14.414','49.4966');
/*!40000 ALTER TABLE `state_unions` ENABLE KEYS */;
UNLOCK TABLES;

--
-- Table structure for table `states`
--

DROP TABLE IF EXISTS `states`;
CREATE TABLE `states` (
  `id` int(11) NOT NULL auto_increment,
  `iso_id` char(2) default NULL,
  `lng` varchar(9) default NULL,
  `lat` varchar(9) default NULL,
  `state_union_id` int(9) default NULL,
  PRIMARY KEY  (`id`)
) ENGINE=MyISAM AUTO_INCREMENT=3121 DEFAULT CHARSET=latin1;

--
-- Dumping data for table `states`
--

LOCK TABLES `states` WRITE;
/*!40000 ALTER TABLE `states` DISABLE KEYS */;
INSERT INTO `states` VALUES (2869,'AF','65.0000','33.0000',NULL),(2870,'IE','-8.0000','53.0000',1),(2871,'AL','20.0000','41.0000',NULL),(2872,'DZ','3.0000','28.0000',NULL),(2873,'AS','-170.0000','-14.3333',NULL),(2874,'AD','1.5000','42.5000',NULL),(2875,'AI','-63.1667','18.2500',NULL),(2876,'AO','18.5000','-12.5000',NULL),(2877,'AQ','0.0000','-90.0000',NULL),(2878,'AG','-61.8000','17.0500',NULL),(2879,'AR','-64.0000','-34.0000',NULL),(2880,'AM','45.0000','40.0000',NULL),(2881,'AW','-69.9667','12.5000',NULL),(2882,'AU','133.0000','-27.0000',NULL),(2883,'AT','13.3333','47.3333',1),(2884,'AZ','47.5000','40.5000',NULL),(2885,'BS','-76.0000','24.2500',NULL),(2886,'BH','50.5500','26.0000',NULL),(2887,'BY','28.0000','53.0000',NULL),(2888,'BD','90.0000','24.0000',NULL),(2889,'BB','-59.5333','13.1667',NULL),(2890,'BE','4.0000','50.8333',1),(2891,'BZ','-88.7500','17.2500',NULL),(2892,'BJ','2.2500','9.5000',NULL),(2893,'BM','-64.7500','32.3333',NULL),(2894,'GW','-15.0000','12.0000',NULL),(2895,'BO','-65.0000','-17.0000',NULL),(2896,'BA','18.0000','44.0000',NULL),(2897,'BW','24.0000','-22.0000',NULL),(2898,'BV','3.4000','-54.4333',NULL),(2899,'BR','-55.0000','-10.0000',NULL),(2900,'BN','114.6667','4.5000',NULL),(2901,'BG','25.0000','43.0000',1),(2902,'BF','-2.0000','13.0000',NULL),(2903,'BI','30.0000','-3.5000',NULL),(2904,'BT','90.5000','27.5000',NULL),(2905,'CF','21.0000','7.0000',NULL),(2906,'TD','19.0000','15.0000',NULL),(2907,'CZ','15.5000','49.7500',1),(2908,'CL','-71.0000','-30.0000',NULL),(2909,'DK','10.0000','56.0000',1),(2910,'VG','-64.5000','18.5000',NULL),(2911,'DM','-61.3333','15.4167',NULL),(2912,'DO','-70.6667','19.0000',NULL),(2913,'CI','-5.0000','8.0000',NULL),(2914,'DJ','43.0000','11.5000',NULL),(2915,'EG','30.0000','27.0000',NULL),(2916,'EC','-77.5000','-2.0000',NULL),(2917,'ER','39.0000','15.0000',NULL),(2918,'EE','26.0000','59.0000',1),(2919,'ET','38.0000','8.0000',NULL),(2920,'FK','-59.0000','-51.7500',NULL),(2921,'FO','-7.0000','62.0000',NULL),(2922,'FJ','175.0000','-18.0000',NULL),(2923,'PH','122.0000','13.0000',NULL),(2924,'GA','11.7500','-1.0000',NULL),(2925,'GY','-59.0000','5.0000',NULL),(2926,'GM','-16.5667','13.4667',NULL),(2927,'GH','-2.0000','8.0000',NULL),(2928,'GI','-5.3667','36.1833',NULL),(2929,'GR','22.0000','39.0000',1),(2930,'GD','-61.6667','12.1167',NULL),(2931,'GL','-40.0000','72.0000',NULL),(2932,'GE','43.5000','42.0000',NULL),(2933,'GU','144.7833','13.4667',NULL),(2934,'GP','-61.5833','16.2500',NULL),(2935,'GT','-90.2500','15.5000',NULL),(2936,'GN','-10.0000','11.0000',NULL),(2937,'HT','-72.4167','19.0000',NULL),(2938,'HM','72.5167','-53.1000',NULL),(2939,'HN','-86.5000','15.0000',NULL),(2940,'HK','114.1667','22.2500',NULL),(2941,'IN','77.0000','20.0000',NULL),(2942,'IO','71.5000','-6.0000',NULL),(2943,'ID','120.0000','-5.0000',NULL),(2944,'IQ','44.0000','33.0000',NULL),(2945,'IR','53.0000','32.0000',NULL),(2946,'IS','-18.0000','65.0000',NULL),(2947,'ES','-4.0000','40.0000',1),(2948,'IT','12.8333','42.8333',1),(2949,'IL','34.7500','31.5000',NULL),(2950,'JM','-77.5000','18.2500',NULL),(2951,'JP','138.0000','36.0000',NULL),(2952,'YE','48.0000','15.0000',NULL),(2953,'JO','36.0000','31.0000',NULL),(2954,'AE','54.0000','24.0000',NULL),(2955,'GB','-2.0000','54.0000',1),(2956,'US','-97.0000','38.0000',NULL),(2957,'MG','47.0000','-20.0000',NULL),(2958,'KY','-80.5000','19.5000',NULL),(2959,'CX','105.6667','-10.5000',NULL),(2960,'KH','105.0000','13.0000',NULL),(2961,'CM','12.0000','6.0000',NULL),(2962,'CA','-95.0000','60.0000',NULL),(2963,'QA','51.2500','25.5000',NULL),(2964,'KZ','68.0000','48.0000',NULL),(2965,'KE','38.0000','1.0000',NULL),(2966,'CN','105.0000','35.0000',NULL),(2967,'CY','33.0000','35.0000',1),(2968,'KG','75.0000','41.0000',NULL),(2969,'KI','173.0000','1.4167',NULL),(2970,'CC','96.8333','-12.5000',NULL),(2971,'CO','-72.0000','4.0000',NULL),(2972,'KM','44.2500','-12.1667',NULL),(2974,'CG','15.0000','-1.0000',NULL),(2975,'CR','-84.0000','10.0000',NULL),(2976,'HR','15.5000','45.1667',NULL),(2977,'CU','-80.0000','21.5000',NULL),(2978,'CK','-159.7667','-21.2333',NULL),(2979,'KW','45.7500','29.5000',NULL),(2980,'LA','105.0000','18.0000',NULL),(2981,'LV','25.0000','57.0000',1),(2982,'PL','20.0000','52.0000',1),(2983,'LS','28.5000','-29.5000',NULL),(2984,'LB','35.8333','33.8333',NULL),(2985,'LR','-9.5000','6.5000',NULL),(2986,'LY','17.0000','25.0000',NULL),(2987,'LI','9.5333','47.1667',NULL),(2988,'LT','24.0000','56.0000',1),(2989,'LU','6.1667','49.7500',1),(2990,'MO','113.5500','22.1667',NULL),(2992,'MK','22.0000','41.8333',NULL),(2993,'MY','112.5000','2.5000',NULL),(2994,'MW','34.0000','-13.5000',NULL),(2995,'MV','73.0000','3.2500',NULL),(2996,'ML','-4.0000','17.0000',NULL),(2997,'MT','14.5833','35.8333',1),(2998,'MP','145.7500','15.2000',NULL),(2999,'MA','-5.0000','32.0000',NULL),(3000,'MQ','-61.0000','14.6667',NULL),(3001,'MH','168.0000','9.0000',NULL),(3002,'MU','57.5500','-20.2833',NULL),(3003,'MR','-12.0000','20.0000',NULL),(3004,'YT','45.1667','-12.8333',NULL),(3005,'MX','-102.0000','23.0000',NULL),(3006,'VI','-64.8333','18.3333',NULL),(3008,'FM','158.2500','6.9167',NULL),(3009,'MD','29.0000','47.0000',NULL),(3010,'MC','7.4000','43.7333',NULL),(3011,'MN','105.0000','46.0000',NULL),(3012,'MS','-62.2000','16.7500',NULL),(3013,'MZ','35.0000','-18.2500',NULL),(3014,'NA','17.0000','-22.0000',NULL),(3015,'NC','165.5000','-21.5000',NULL),(3016,'NZ','174.0000','-41.0000',NULL),(3017,'NR','166.9167','-0.5333',NULL),(3018,'NP','84.0000','28.0000',NULL),(3019,'NL','5.7500','52.5000',1),(3020,'AN','-68.7500','12.2500',NULL),(3021,'NG','8.0000','10.0000',NULL),(3022,'NE','8.0000','16.0000',NULL),(3023,'NI','-85.0000','13.0000',NULL),(3024,'NU','-169.8667','-19.0333',NULL),(3025,'NF','167.9500','-29.0333',NULL),(3026,'NO','10.0000','62.0000',NULL),(3027,'OM','57.0000','21.0000',NULL),(3028,'PK','70.0000','30.0000',NULL),(3029,'PW','134.5000','7.5000',NULL),(3030,'PS','35.2500','32.0000',NULL),(3031,'PA','-80.0000','9.0000',NULL),(3032,'PG','147.0000','-6.0000',NULL),(3033,'PY','-58.0000','-23.0000',NULL),(3034,'PE','-76.0000','-10.0000',NULL),(3035,'ZA','24.0000','-29.0000',NULL),(3036,'GS','-37.0000','-54.5000',NULL),(3037,'KR','127.5000','37.0000',NULL),(3039,'PT','-8.0000','39.5000',1),(3040,'GF','-53.0000','4.0000',NULL),(3041,'PF','-140.0000','-15.0000',NULL),(3042,'FR','2.0000','46.0000',1),(3044,'PR','-66.5000','18.2500',NULL),(3045,'GQ','10.0000','2.0000',NULL),(3046,'RE','55.6000','-21.1000',NULL),(3047,'RW','30.0000','-2.0000',NULL),(3048,'RO','25.0000','46.0000',1),(3049,'RU','100.0000','60.0000',NULL),(3051,'SB','159.0000','-8.0000',NULL),(3052,'SV','-88.9167','13.8333',NULL),(3053,'WS','-172.3333','-13.5833',NULL),(3054,'SM','12.4167','43.7667',NULL),(3055,'ST','7.0000','1.0000',NULL),(3056,'SA','45.0000','25.0000',NULL),(3057,'SC','55.6667','-4.5833',NULL),(3058,'PM','-56.3333','46.8333',NULL),(3059,'SN','-14.0000','14.0000',NULL),(3060,'KN','-62.7500','17.3333',NULL),(3061,'LC','-61.1333','13.8833',NULL),(3062,'VC','-61.2000','13.2500',NULL),(3063,'SE','15.0000','62.0000',1),(3064,'SL','-11.5000','8.5000',NULL),(3065,'SG','103.8000','1.3667',NULL),(3066,'SY','38.0000','35.0000',NULL),(3067,'SK','19.5000','48.6667',1),(3068,'SI','15.0000','46.0000',1),(3069,'SO','49.0000','10.0000',NULL),(3070,'SD','30.0000','15.0000',NULL),(3071,'FI','26.0000','64.0000',1),(3072,'SR','-56.0000','4.0000',NULL),(3073,'SZ','31.5000','-26.5000',NULL),(3074,'KP','127.0000','40.0000',NULL),(3075,'SJ','20.0000','78.0000',NULL),(3076,'LK','81.0000','7.0000',NULL),(3077,'SH','-5.7000','-15.9333',NULL),(3079,'CH','8.0000','47.0000',NULL),(3080,'TJ','71.0000','39.0000',NULL),(3081,'TH','100.0000','15.0000',NULL),(3082,'TW','121.0000','23.5000',NULL),(3083,'TZ','35.0000','-6.0000',NULL),(3084,'TG','1.1667','8.0000',NULL),(3085,'TK','-172.0000','-9.0000',NULL),(3086,'TO','-175.0000','-20.0000',NULL),(3087,'TT','-61.0000','11.0000',NULL),(3088,'TN','9.0000','34.0000',NULL),(3089,'TR','35.0000','39.0000',NULL),(3090,'TM','60.0000','40.0000',NULL),(3091,'TC','-71.5833','21.7500',NULL),(3092,'TV','178.0000','-8.0000',NULL),(3093,'UG','32.0000','1.0000',NULL),(3094,'UA','32.0000','49.0000',NULL),(3095,'UY','-56.0000','-33.0000',NULL),(3096,'UZ','64.0000','41.0000',NULL),(3097,'EH','-13.0000','24.5000',NULL),(3098,'VU','167.0000','-16.0000',NULL),(3099,'VA','12.4500','41.9000',NULL),(3100,'VE','-66.0000','8.0000',NULL),(3101,'HU','20.0000','47.0000',1),(3102,'VN','106.0000','16.0000',NULL),(3103,'DE','9.0000','51.0000',1),(3104,'WF','-176.2000','-13.3000',NULL),(3105,'ZM','30.0000','-15.0000',NULL),(3106,'ZW','30.0000','-20.0000',NULL),(3107,'CV','-24.0000','16.0000',NULL),(3120,'RS','21.0000','40.0000',NULL);
/*!40000 ALTER TABLE `states` ENABLE KEYS */;
UNLOCK TABLES;

--
-- Table structure for table `trips`
--

DROP TABLE IF EXISTS `trips`;
CREATE TABLE `trips` (
  `id` int(11) NOT NULL auto_increment,
  `start_date` date default NULL,
  `end_date` date default NULL,
  `kind` varchar(20) default NULL,
  `state_id` int(11) NOT NULL default '0',
  `mp_id` int(11) NOT NULL default '0',
  PRIMARY KEY  (`id`)
) ENGINE=MyISAM AUTO_INCREMENT=11819 DEFAULT CHARSET=latin1;

--
-- Dumping data for table `trips`
--

LOCK TABLES `trips` WRITE;
/*!40000 ALTER TABLE `trips` DISABLE KEYS */;
INSERT INTO `trips` VALUES (10085,'2005-03-12','2005-03-17','komandiruote',3103,1735),(10086,'2005-05-22','2005-05-24','komandiruote',2890,1735),(10087,'2006-03-08','2006-03-11','komandiruote',3103,1735),(10088,'2006-03-08','2006-03-11','komandiruote',3103,1735),(10089,'2006-03-15','2006-03-17','komandiruote',2907,1735),(10090,'2006-04-27','2006-04-30','komandiruote',3039,1735),(10091,'2007-06-28','2007-06-29','komandiruote',2988,1735),(10092,'2007-07-07','2007-07-12','komandiruote',2890,1735),(10093,'2004-12-12','2004-12-14','komandiruote',3042,1736),(10094,'2004-12-14','2004-12-16','komandiruote',2890,1736),(10095,'2005-03-08','2005-03-10','komandiruote',2890,1736),(10096,'2005-04-10','2005-04-12','komandiruote',3071,1736),(10097,'2005-04-13','2005-04-14','komandiruote',2981,1736),(10098,'2005-05-10','2005-05-13','komandiruote',3042,1736),(10099,'2005-05-24','2005-05-28','komandiruote',3079,1736),(10100,'2005-06-12','2005-06-17','komandiruote',3042,1736),(10101,'2005-06-22','2005-06-24','komandiruote',3042,1736),(10102,'2005-08-27','2005-09-01','komandiruote',2966,1736),(10103,'2005-10-25','2005-10-29','komandiruote',2948,1736),(10104,'2005-11-05','2005-11-14','komandiruote',2956,1736),(10105,'2006-02-06','2006-02-09','komandiruote',3009,1736),(10106,'2006-04-27','2006-04-29','komandiruote',3049,1736),(10107,'2006-11-05','2006-11-07','komandiruote',3103,1736),(10108,'2006-12-03','2006-12-05','komandiruote',2890,1736),(10109,'2007-03-20','2007-03-22','komandiruote',3039,1736),(10110,'2007-05-30','2007-06-02','komandiruote',3049,1736),(10111,'2005-06-21','2005-06-22','komandiruote',2982,1737),(10112,'2006-01-10','2006-01-15','komandiruote',3103,1737),(10113,'2006-04-02','2006-04-06','komandiruote',3089,1737),(10114,'2006-09-27','2006-09-30','komandiruote',3042,1737),(10115,'2006-11-05','2006-11-07','komandiruote',2948,1737),(10116,'2006-11-22','2006-11-24','komandiruote',3088,1737),(10117,'2007-02-25','2007-02-27','komandiruote',2948,1737),(10118,'2007-05-07','2007-05-10','komandiruote',2890,1737),(10119,'2005-03-30','2005-04-01','komandiruote',2890,1738),(10120,'2005-04-24','2005-04-26','komandiruote',2890,1738),(10121,'2005-05-16','2005-05-19','komandiruote',2989,1738),(10122,'2005-10-09','2005-10-11','komandiruote',2955,1738),(10123,'2005-11-13','2005-11-15','komandiruote',2907,1738),(10124,'2006-02-05','2006-02-08','komandiruote',2967,1738),(10125,'2006-03-17','2006-03-20','komandiruote',2887,1738),(10126,'2006-05-21','2006-05-23','komandiruote',2883,1738),(10127,'2006-10-09','2006-10-10','komandiruote',2890,1738),(10128,'2006-11-19','2006-11-21','komandiruote',3071,1738),(10129,'2007-03-13','2007-03-15','komandiruote',2890,1738),(10130,'2007-05-28','2007-06-01','komandiruote',2932,1738),(10131,'2007-06-21','2007-06-23','komandiruote',3009,1738),(10132,'2004-12-02','2004-12-05','komandiruote',2890,1739),(10133,'2004-12-09','2004-12-12','komandiruote',3026,1739),(10134,'2004-12-17','2004-12-19','komandiruote',2981,1739),(10135,'2005-01-27','2005-01-29','komandiruote',2918,1739),(10136,'2005-02-21','2005-02-26','komandiruote',3103,1739),(10137,'2005-03-03','2005-03-04','komandiruote',2981,1739),(10138,'2005-03-17','2005-03-20','komandiruote',3019,1739),(10139,'2005-03-29','2005-03-31','komandiruote',2918,1739),(10140,'2005-06-16','2005-06-19','komandiruote',3019,1739),(10141,'2005-06-28','2005-07-01','komandiruote',3026,1739),(10142,'2005-09-29','2005-09-30','komandiruote',2981,1739),(10143,'2005-10-23','2005-10-28','komandiruote',2946,1739),(10144,'2005-11-24','2005-11-27','komandiruote',2918,1739),(10145,'2005-12-08','2005-12-11','komandiruote',3019,1739),(10146,'2005-12-14','2005-12-16','komandiruote',3049,1739),(10147,'2006-01-29','2006-01-31','komandiruote',2909,1739),(10148,'2006-03-23','2006-03-26','komandiruote',3019,1739),(10149,'2006-04-02','2006-04-06','komandiruote',3089,1739),(10150,'2006-04-26','2006-04-28','komandiruote',3049,1739),(10151,'2006-05-18','2006-05-21','komandiruote',2890,1739),(10152,'2006-06-15','2006-06-18','komandiruote',3019,1739),(10153,'2006-09-01','2006-09-06','komandiruote',2946,1739),(10154,'2006-10-30','2006-11-02','komandiruote',2909,1739),(10155,'2006-11-30','2006-12-03','komandiruote',3019,1739),(10156,'2007-02-08','2007-02-11','komandiruote',2981,1739),(10157,'2007-02-27','2007-03-01','komandiruote',2890,1739),(10158,'2007-03-22','2007-03-25','komandiruote',2989,1739),(10159,'2007-05-17','2007-05-19','komandiruote',2981,1739),(10160,'2007-06-14','2007-06-17','komandiruote',2989,1739),(10161,'2007-06-19','2007-06-21','komandiruote',3103,1739),(10162,'2007-06-21','2007-06-23','komandiruote',3009,1739),(10163,'2007-06-10','2007-06-12','komandiruote',2890,1740),(10164,'2005-10-26','2005-10-27','komandiruote',2918,1741),(10165,'2005-12-14','2005-12-16','komandiruote',3049,1741),(10166,'2007-01-21','2007-01-22','komandiruote',3042,1741),(10167,'2007-01-23','2007-01-23','komandiruote',2989,1741),(10168,'2007-01-24','2007-01-25','komandiruote',2890,1741),(10169,'2005-02-08','2005-02-10','komandiruote',2989,1742),(10170,'2005-03-21','2005-03-22','komandiruote',2982,1742),(10171,'2005-05-16','2005-05-19','komandiruote',2989,1742),(10172,'2005-05-22','2005-05-24','komandiruote',2890,1742),(10173,'2005-11-09','2005-11-14','komandiruote',2999,1742),(10174,'2006-04-02','2006-04-07','komandiruote',3042,1742),(10175,'2006-04-18','2006-04-20','komandiruote',2883,1742),(10176,'2006-09-11','2006-09-14','komandiruote',2883,1742),(10177,'2006-11-08','2006-11-09','komandiruote',2890,1742),(10178,'2007-03-25','2007-03-26','komandiruote',2883,1742),(10179,'2007-03-26','2007-03-30','komandiruote',3103,1742),(10180,'2007-06-11','2007-06-13','komandiruote',2890,1742),(10181,'2007-06-28','2007-06-29','komandiruote',2988,1742),(10182,'2004-11-28','2004-12-01','komandiruote',2890,1743),(10183,'2006-11-08','2006-11-09','komandiruote',2890,1743),(10184,'2007-03-26','2007-03-30','komandiruote',3103,1743),(10185,'2004-12-14','2004-12-16','komandiruote',2890,1744),(10186,'2005-01-23','2005-01-30','komandiruote',2956,1744),(10187,'2005-02-19','2005-02-21','komandiruote',2890,1744),(10188,'2005-03-22','2005-03-23','komandiruote',2869,1744),(10189,'2005-03-20','2005-03-24','komandiruote',2890,1744),(10190,'2005-04-10','2005-04-11','komandiruote',2890,1744),(10191,'2005-04-24','2005-04-30','komandiruote',2956,1744),(10192,'2005-05-03','2005-05-03','komandiruote',2981,1744),(10193,'2005-05-27','2005-06-01','komandiruote',3068,1744),(10194,'2005-06-17','2005-06-21','komandiruote',2954,1744),(10195,'2005-09-25','2005-09-28','komandiruote',2947,1744),(10196,'2005-09-29','2005-09-30','komandiruote',3039,1744),(10197,'2005-10-11','2005-10-12','komandiruote',2869,1744),(10198,'2005-10-13','2005-10-14','komandiruote',2976,1744),(10199,'2005-10-23','2005-10-26','komandiruote',2883,1744),(10200,'2005-10-27','2005-10-28','komandiruote',2896,1744),(10201,'2005-11-11','2005-11-16','komandiruote',2909,1744),(10202,'2006-01-31','2006-02-03','komandiruote',2956,1744),(10203,'2006-02-18','2006-02-21','komandiruote',2890,1744),(10204,'2006-03-24','2006-03-26','komandiruote',2982,1744),(10205,'2006-03-30','2006-04-05','komandiruote',3027,1744),(10206,'2006-04-21','2006-04-24','komandiruote',2871,1744),(10207,'2006-05-26','2006-05-31','komandiruote',3042,1744),(10208,'2004-12-06','2004-12-09','komandiruote',2890,1745),(10209,'2005-05-16','2005-05-19','komandiruote',2989,1745),(10210,'2005-05-25','2005-05-27','komandiruote',3019,1745),(10211,'2005-06-02','2005-06-04','komandiruote',3101,1745),(10212,'2005-06-04','2005-06-06','komandiruote',2884,1745),(10213,'2005-06-07','2005-06-08','komandiruote',2932,1745),(10214,'2005-06-09','2005-06-12','komandiruote',2880,1745),(10215,'2005-07-17','2005-07-18','komandiruote',2955,1745),(10216,'2005-09-14','2005-09-14','komandiruote',3071,1745),(10217,'2005-10-09','2005-10-11','komandiruote',2955,1745),(10218,'2005-11-24','2005-11-27','komandiruote',2947,1745),(10219,'2005-11-28','2005-12-06','komandiruote',3082,1745),(10220,'2006-02-05','2006-02-08','komandiruote',2967,1745),(10221,'2006-02-19','2006-02-20','komandiruote',2883,1745),(10222,'2006-04-27','2006-04-28','komandiruote',2981,1745),(10223,'2006-09-10','2006-09-11','komandiruote',3071,1745),(10224,'2006-09-20','2006-09-22','komandiruote',2982,1745),(10225,'2006-09-26','2006-09-28','komandiruote',3094,1745),(10226,'2006-09-28','2006-09-30','komandiruote',2918,1745),(10227,'2006-11-26','2006-11-28','komandiruote',2890,1745),(10228,'2007-06-16','2007-06-19','komandiruote',3103,1745),(10229,'2005-11-22','2005-11-25','komandiruote',2890,1746),(10230,'2006-06-01','2006-06-03','komandiruote',2982,1746),(10231,'2005-08-18','2005-08-18','komandiruote',2982,1747),(10232,'2006-02-05','2006-02-10','komandiruote',2932,1747),(10233,'2006-03-07','2006-03-08','komandiruote',2982,1747),(10234,'2006-06-01','2006-06-03','komandiruote',2982,1747),(10235,'2007-02-27','2007-03-01','komandiruote',2890,1747),(10236,'2007-03-14','2007-03-16','komandiruote',2982,1747),(10237,'2007-05-01','2007-05-02','komandiruote',2982,1747),(10238,'2007-05-28','2007-05-29','komandiruote',2982,1747),(10239,'2005-11-22','2005-11-24','komandiruote',2890,1748),(10240,'2006-03-13','2006-03-18','komandiruote',3063,1748),(10241,'2006-06-17','2006-06-28','komandiruote',2956,1748),(10242,'2006-11-21','2006-11-24','komandiruote',2890,1748),(10243,'2007-03-26','2007-03-28','komandiruote',3071,1748),(10244,'2006-12-03','2006-12-05','komandiruote',2890,1749),(10245,'2007-03-14','2007-03-16','komandiruote',2982,1749),(10246,'2007-03-30','2007-04-01','komandiruote',2955,1749),(10247,'2005-03-08','2005-03-09','komandiruote',2907,1750),(10248,'2005-10-04','2005-10-05','komandiruote',2890,1750),(10249,'2006-06-25','2006-07-04','komandiruote',2956,1750),(10250,'2004-12-17','2004-12-19','komandiruote',2981,1751),(10251,'2005-04-27','2005-04-30','komandiruote',2918,1751),(10252,'2005-09-15','2005-09-16','komandiruote',2981,1751),(10253,'2005-11-24','2005-11-27','komandiruote',2918,1751),(10254,'2006-02-09','2006-02-12','komandiruote',2988,1751),(10255,'2006-04-06','2006-04-08','komandiruote',2981,1751),(10256,'2006-10-26','2006-10-27','komandiruote',2981,1751),(10257,'2007-05-17','2007-05-19','komandiruote',2981,1751),(10258,'2007-06-04','2007-06-07','komandiruote',2890,1751),(10259,'2005-03-18','2005-03-18','komandiruote',3103,1752),(10260,'2007-05-20','2007-05-22','komandiruote',3103,1752),(10261,'2007-06-04','2007-06-06','komandiruote',2907,1752),(10262,'2004-12-09','2004-12-10','komandiruote',2981,1753),(10263,'2004-12-11','2004-12-15','komandiruote',2948,1753),(10264,'2005-01-26','2005-01-28','komandiruote',2982,1753),(10265,'2005-01-24','2005-01-29','komandiruote',3042,1753),(10266,'2005-02-10','2005-02-11','komandiruote',3094,1753),(10267,'2005-03-02','2005-03-04','komandiruote',2982,1753),(10268,'2005-03-13','2005-03-15','komandiruote',2949,1753),(10269,'2005-03-16','2005-03-18','komandiruote',3042,1753),(10270,'2005-04-06','2005-04-09','komandiruote',3042,1753),(10271,'2005-04-23','2005-04-30','komandiruote',3042,1753),(10272,'2005-05-10','2005-05-12','komandiruote',3042,1753),(10273,'2005-05-20','2005-05-25','komandiruote',2956,1753),(10274,'2005-05-31','2005-06-02','komandiruote',3042,1753),(10275,'2005-06-03','2005-06-05','komandiruote',3026,1753),(10276,'2005-06-07','2005-06-07','komandiruote',2981,1753),(10277,'2005-06-19','2005-06-25','komandiruote',3042,1753),(10278,'2005-06-19','2005-06-25','komandiruote',3042,1753),(10279,'2005-09-06','2005-09-09','komandiruote',3089,1753),(10280,'2005-09-11','2005-09-13','komandiruote',3103,1753),(10281,'2005-10-01','2005-10-02','komandiruote',2887,1753),(10282,'2005-10-01','2005-10-08','komandiruote',3042,1753),(10283,'2005-10-09','2005-10-10','komandiruote',2890,1753),(10284,'2005-10-17','2005-10-19','komandiruote',3048,1753),(10285,'2005-10-19','2005-10-22','komandiruote',2929,1753),(10286,'2005-11-03','2005-11-05','komandiruote',3079,1753),(10287,'2005-11-30','2005-12-02','komandiruote',3042,1753),(10288,'2005-12-06','2005-12-09','komandiruote',2890,1753),(10289,'2006-01-17','2006-01-19','komandiruote',3042,1753),(10290,'2006-01-22','2006-01-28','komandiruote',3042,1753),(10291,'2006-02-22','2006-02-24','komandiruote',2907,1753),(10292,'2006-03-07','2006-03-09','komandiruote',3042,1753),(10293,'2006-03-17','2006-03-20','komandiruote',2887,1753),(10294,'2006-03-20','2006-03-22','komandiruote',2890,1753),(10295,'2006-03-23','2006-03-27','komandiruote',3094,1753),(10296,'2006-04-03','2006-04-03','komandiruote',3103,1753),(10297,'2006-04-09','2006-04-14','komandiruote',3042,1753),(10298,'2006-05-04','2006-05-10','komandiruote',2956,1753),(10299,'2006-05-12','2006-05-15','komandiruote',2884,1753),(10300,'2006-05-17','2006-05-18','komandiruote',3042,1753),(10301,'2006-06-05','2006-06-07','komandiruote',3042,1753),(10302,'2006-06-12','2006-06-17','komandiruote',2956,1753),(10303,'2006-06-21','2006-06-23','komandiruote',3042,1753),(10304,'2006-06-25','2006-07-01','komandiruote',3042,1753),(10305,'2006-07-03','2006-07-05','komandiruote',2955,1753),(10306,'2006-09-07','2006-09-11','komandiruote',3120,1753),(10307,'2006-09-13','2006-09-15','komandiruote',2929,1753),(10308,'2006-09-21','2006-09-24','komandiruote',3049,1753),(10309,'2006-09-27','2006-09-28','komandiruote',3094,1753),(10310,'2006-09-30','2006-10-07','komandiruote',3042,1753),(10311,'2006-10-14','2006-10-17','komandiruote',2880,1753),(10312,'2006-10-14','2006-10-17','komandiruote',2880,1753),(10313,'2006-11-12','2006-11-14','komandiruote',2875,1753),(10314,'2006-11-15','2006-11-15','komandiruote',3094,1753),(10315,'2006-11-17','2006-11-19','komandiruote',3103,1753),(10316,'2006-12-06','2006-12-06','komandiruote',3042,1753),(10317,'2006-12-07','2006-12-09','komandiruote',2949,1753),(10318,'2006-12-12','2006-12-14','komandiruote',3042,1753),(10319,'2007-01-21','2007-01-27','komandiruote',3042,1753),(10320,'2007-02-22','2007-02-24','komandiruote',2982,1753),(10321,'2007-02-28','2007-02-28','komandiruote',3026,1753),(10322,'2007-03-01','2007-03-03','komandiruote',2890,1753),(10323,'2007-03-27','2007-03-29','komandiruote',3042,1753),(10324,'2007-04-15','2007-04-21','komandiruote',3042,1753),(10325,'2007-05-10','2007-05-14','komandiruote',2929,1753),(10326,'2007-05-30','2007-06-02','komandiruote',3049,1753),(10327,'2007-06-04','2007-06-04','komandiruote',3103,1753),(10328,'2007-06-24','2007-06-30','komandiruote',3042,1753),(10329,'2004-11-23','2004-11-27','komandiruote',2890,1754),(10330,'2004-12-09','2004-12-12','komandiruote',3026,1754),(10331,'2004-12-13','2004-12-16','komandiruote',3079,1754),(10332,'2005-01-24','2005-01-29','komandiruote',3042,1754),(10333,'2005-02-15','2005-02-15','komandiruote',2989,1754),(10334,'2005-02-11','2005-02-17','komandiruote',2890,1754),(10335,'2005-02-27','2005-03-01','komandiruote',3042,1754),(10336,'2005-03-03','2005-03-09','komandiruote',2956,1754),(10337,'2005-03-15','2005-03-17','komandiruote',2890,1754),(10338,'2005-03-21','2005-03-23','komandiruote',3042,1754),(10339,'2005-04-19','2005-04-23','komandiruote',3079,1754),(10340,'2005-04-24','2005-04-26','komandiruote',2890,1754),(10341,'2005-04-26','2005-04-29','komandiruote',3042,1754),(10342,'2005-05-21','2005-05-24','komandiruote',3089,1754),(10343,'2005-05-25','2005-05-27','komandiruote',3063,1754),(10344,'2005-06-05','2005-06-08','komandiruote',2955,1754),(10345,'2005-06-19','2005-06-25','komandiruote',3042,1754),(10346,'2005-06-19','2005-06-25','komandiruote',3042,1754),(10347,'2005-06-30','2005-07-02','komandiruote',2887,1754),(10348,'2005-07-30','2005-08-06','komandiruote',3076,1754),(10349,'2005-09-06','2005-09-09','komandiruote',3089,1754),(10350,'2005-09-16','2005-09-19','komandiruote',3049,1754),(10351,'2005-09-27','2005-09-30','komandiruote',3039,1754),(10352,'2005-10-01','2005-10-08','komandiruote',3042,1754),(10353,'2005-10-07','2005-10-09','komandiruote',3049,1754),(10354,'2005-10-18','2005-10-20','komandiruote',2955,1754),(10355,'2005-11-17','2005-11-19','komandiruote',3042,1754),(10356,'2005-11-28','2005-12-06','komandiruote',3082,1754),(10357,'2005-12-14','2005-12-16','komandiruote',3042,1754),(10358,'2006-01-22','2006-01-28','komandiruote',3042,1754),(10359,'2006-02-05','2006-02-08','komandiruote',2967,1754),(10360,'2006-02-22','2006-02-24','komandiruote',2907,1754),(10361,'2006-03-13','2006-03-15','komandiruote',3042,1754),(10362,'2006-03-17','2006-03-20','komandiruote',2887,1754),(10363,'2006-03-23','2006-03-27','komandiruote',3094,1754),(10364,'2006-04-09','2006-04-14','komandiruote',3042,1754),(10365,'2006-05-11','2006-05-13','komandiruote',2890,1754),(10366,'2006-05-18','2006-05-20','komandiruote',3101,1754),(10367,'2006-05-23','2006-05-25','komandiruote',2909,1754),(10368,'2006-05-30','2006-06-06','komandiruote',2956,1754),(10369,'2006-06-12','2006-06-17','komandiruote',2956,1754),(10370,'2006-06-21','2006-06-24','komandiruote',3089,1754),(10371,'2006-06-25','2006-07-02','komandiruote',2949,1754),(10372,'2006-09-07','2006-09-10','komandiruote',2982,1754),(10373,'2006-09-13','2006-09-15','komandiruote',2929,1754),(10374,'2006-09-30','2006-10-07','komandiruote',3042,1754),(10375,'2006-10-14','2006-10-17','komandiruote',2880,1754),(10376,'2006-11-16','2006-11-18','komandiruote',3054,1754),(10377,'2006-11-19','2006-11-26','komandiruote',3081,1754),(10378,'2006-12-09','2006-12-12','komandiruote',2884,1754),(10379,'2006-12-17','2006-12-19','komandiruote',3042,1754),(10380,'2007-01-21','2007-01-27','komandiruote',3042,1754),(10381,'2007-02-04','2007-02-06','komandiruote',2890,1754),(10382,'2007-02-26','2007-02-27','komandiruote',2890,1754),(10383,'2007-04-10','2007-04-14','komandiruote',2890,1754),(10384,'2007-04-15','2007-04-21','komandiruote',3042,1754),(10385,'2007-05-20','2007-05-23','komandiruote',3094,1754),(10386,'2007-06-12','2007-06-16','komandiruote',3088,1754),(10387,'2007-06-24','2007-06-30','komandiruote',3042,1754),(10388,'2005-01-30','2005-02-02','komandiruote',2948,1755),(10389,'2005-03-11','2005-03-17','komandiruote',2915,1755),(10390,'2005-06-19','2005-06-21','komandiruote',2890,1755),(10391,'2005-09-18','2005-09-19','komandiruote',2948,1755),(10392,'2005-10-10','2005-10-13','komandiruote',2890,1755),(10393,'2005-11-20','2005-11-21','komandiruote',2999,1755),(10394,'2006-01-09','2006-01-12','komandiruote',2890,1755),(10395,'2007-01-24','2007-01-26','komandiruote',2890,1755),(10396,'2007-03-15','2007-03-19','komandiruote',3088,1755),(10397,'2005-05-25','2005-05-27','komandiruote',3063,1756),(10398,'2006-01-22','2006-01-24','komandiruote',2883,1756),(10399,'2006-10-18','2006-10-20','komandiruote',3079,1756),(10400,'2005-05-25','2005-05-27','komandiruote',3063,1757),(10401,'2005-10-08','2005-10-16','komandiruote',2966,1757),(10402,'2007-05-21','2007-05-22','komandiruote',2981,1757),(10403,'2005-05-23','2005-05-25','komandiruote',2981,1758),(10404,'2004-11-21','2004-11-23','komandiruote',3019,1759),(10405,'2004-12-09','2004-12-10','komandiruote',2981,1759),(10406,'2004-12-14','2004-12-16','komandiruote',2890,1759),(10407,'2005-01-24','2005-01-29','komandiruote',3042,1759),(10408,'2005-02-11','2005-02-13','komandiruote',3103,1759),(10409,'2005-02-27','2005-03-02','komandiruote',2982,1759),(10410,'2005-03-11','2005-03-12','komandiruote',2955,1759),(10411,'2005-03-17','2005-03-19','komandiruote',3042,1759),(10412,'2005-04-02','2005-04-10','komandiruote',2949,1759),(10413,'2005-04-23','2005-05-15','komandiruote',2956,1759),(10414,'2005-06-19','2005-06-25','komandiruote',3042,1759),(10415,'2005-06-23','2005-06-25','komandiruote',2883,1759),(10416,'2005-06-19','2005-06-25','komandiruote',3042,1759),(10417,'2005-08-31','2005-09-03','komandiruote',3010,1759),(10418,'2005-09-12','2005-09-14','komandiruote',3042,1759),(10419,'2005-09-20','2005-09-28','komandiruote',3037,1759),(10420,'2005-10-01','2005-10-08','komandiruote',3042,1759),(10421,'2005-11-03','2005-11-04','komandiruote',2887,1759),(10422,'2005-11-18','2005-11-20','komandiruote',3042,1759),(10423,'2005-11-23','2005-11-24','komandiruote',2890,1759),(10424,'2005-12-19','2005-12-21','komandiruote',3049,1759),(10425,'2006-02-06','2006-02-09','komandiruote',3009,1759),(10426,'2006-03-05','2006-03-09','komandiruote',2956,1759),(10427,'2006-03-17','2006-03-20','komandiruote',2887,1759),(10428,'2006-03-28','2006-03-31','komandiruote',3049,1759),(10429,'2006-09-22','2006-09-23','komandiruote',3103,1759),(10430,'2005-01-12','2005-01-14','komandiruote',2981,1760),(10431,'2005-03-03','2005-03-08','komandiruote',3009,1760),(10432,'2005-07-07','2005-07-12','komandiruote',2968,1760),(10433,'2005-10-06','2005-10-11','komandiruote',3120,1760),(10434,'2005-10-16','2005-10-18','komandiruote',2890,1760),(10435,'2005-10-26','2005-10-27','komandiruote',2918,1760),(10436,'2005-11-02','2005-11-08','komandiruote',2884,1760),(10437,'2005-12-01','2005-12-06','komandiruote',2964,1760),(10438,'2005-12-01','2005-12-06','komandiruote',2964,1760),(10439,'2006-03-17','2006-03-20','komandiruote',2887,1760),(10440,'2006-03-23','2006-03-27','komandiruote',3094,1760),(10441,'2006-03-29','2006-03-30','komandiruote',2918,1760),(10442,'2006-05-18','2006-05-22','komandiruote',3120,1760),(10443,'2006-05-31','2006-06-01','komandiruote',3120,1760),(10444,'2006-09-08','2006-09-11','komandiruote',3120,1760),(10445,'2006-10-05','2006-10-08','komandiruote',2981,1760),(10446,'2006-11-01','2006-11-08','komandiruote',3080,1760),(10447,'2006-11-16','2006-11-21','komandiruote',2997,1760),(10448,'2006-11-27','2006-11-28','komandiruote',2890,1760),(10449,'2007-01-18','2007-01-22','komandiruote',3120,1760),(10450,'2007-02-21','2007-02-24','komandiruote',2883,1760),(10451,'2007-04-02','2007-04-04','komandiruote',3094,1760),(10452,'2007-05-09','2007-05-15','komandiruote',2880,1760),(10453,'2007-07-04','2007-07-10','komandiruote',3094,1760),(10454,'2005-04-03','2005-04-09','komandiruote',2962,1761),(10455,'2007-05-09','2007-05-11','komandiruote',2997,1762),(10456,'2005-02-24','2005-02-27','komandiruote',3101,1763),(10457,'2005-03-21','2005-03-22','komandiruote',2982,1763),(10458,'2005-03-21','2005-03-22','komandiruote',2982,1763),(10459,'2005-04-03','2005-04-09','komandiruote',2962,1763),(10460,'2005-10-16','2005-10-18','komandiruote',2890,1763),(10461,'2005-10-26','2005-10-27','komandiruote',2918,1763),(10462,'2005-11-02','2005-11-07','komandiruote',2932,1763),(10463,'2005-11-23','2005-11-24','komandiruote',2955,1763),(10464,'2005-11-28','2005-11-30','komandiruote',2890,1763),(10465,'2006-04-09','2006-04-11','komandiruote',2883,1763),(10466,'2006-10-01','2006-10-03','komandiruote',2890,1763),(10467,'2006-12-04','2006-12-05','komandiruote',2951,1763),(10468,'2007-01-21','2007-01-22','komandiruote',3042,1763),(10469,'2007-01-23','2007-01-23','komandiruote',2989,1763),(10470,'2007-01-24','2007-01-25','komandiruote',2890,1763),(10471,'2007-04-02','2007-04-04','komandiruote',3094,1763),(10472,'2007-05-06','2007-05-08','komandiruote',3103,1763),(10473,'2007-05-13','2007-05-15','komandiruote',3026,1763),(10474,'2005-03-12','2005-03-17','komandiruote',3103,1764),(10475,'2005-09-18','2005-09-22','komandiruote',3079,1764),(10476,'2006-02-06','2006-02-07','komandiruote',2890,1764),(10477,'2006-03-08','2006-03-11','komandiruote',3103,1764),(10478,'2006-03-08','2006-03-11','komandiruote',3103,1764),(10479,'2006-04-27','2006-04-30','komandiruote',3039,1764),(10480,'2006-06-01','2006-06-03','komandiruote',2982,1764),(10481,'2006-10-29','2006-11-03','komandiruote',2929,1764),(10482,'2007-03-18','2007-03-21','komandiruote',3039,1764),(10483,'2007-04-10','2007-04-14','komandiruote',2890,1765),(10484,'2005-05-25','2005-05-27','komandiruote',3063,1766),(10485,'2005-10-18','2005-10-20','komandiruote',2955,1766),(10486,'2005-10-26','2005-10-27','komandiruote',2918,1766),(10487,'2005-12-14','2005-12-16','komandiruote',3049,1766),(10488,'2006-01-22','2006-01-28','komandiruote',3042,1766),(10489,'2006-03-23','2006-03-27','komandiruote',3094,1766),(10490,'2006-04-02','2006-04-06','komandiruote',3089,1766),(10491,'2006-04-09','2006-04-14','komandiruote',3042,1766),(10492,'2006-05-20','2006-05-25','komandiruote',3049,1766),(10493,'2006-06-12','2006-06-17','komandiruote',2956,1766),(10494,'2006-06-25','2006-07-01','komandiruote',3042,1766),(10495,'2006-09-17','2006-09-19','komandiruote',3042,1766),(10496,'2006-09-30','2006-10-07','komandiruote',3042,1766),(10497,'2006-10-18','2006-10-20','komandiruote',3079,1766),(10498,'2006-11-19','2006-11-21','komandiruote',3071,1766),(10499,'2006-11-27','2006-11-29','komandiruote',2890,1766),(10500,'2007-01-17','2007-01-20','komandiruote',2955,1766),(10501,'2007-01-21','2007-01-22','komandiruote',3042,1766),(10502,'2007-01-23','2007-01-23','komandiruote',2989,1766),(10503,'2007-01-24','2007-01-25','komandiruote',2890,1766),(10504,'2007-04-15','2007-04-21','komandiruote',3042,1766),(10505,'2007-05-09','2007-05-11','komandiruote',2997,1766),(10506,'2007-05-16','2007-05-19','komandiruote',3039,1766),(10507,'2007-06-24','2007-06-30','komandiruote',3042,1766),(10508,'2005-02-15','2005-02-15','komandiruote',2989,1767),(10509,'2005-02-11','2005-02-17','komandiruote',2890,1767),(10510,'2005-02-25','2005-02-27','komandiruote',3103,1767),(10511,'2005-04-04','2005-04-05','komandiruote',2890,1767),(10512,'2005-04-11','2005-04-13','komandiruote',3042,1767),(10513,'2005-04-24','2005-04-26','komandiruote',2890,1767),(10514,'2005-05-10','2005-05-13','komandiruote',3042,1767),(10515,'2005-06-12','2005-06-17','komandiruote',3042,1767),(10516,'2005-10-16','2005-10-19','komandiruote',2907,1767),(10517,'2005-11-07','2005-11-10','komandiruote',3042,1767),(10518,'2005-12-04','2005-12-07','komandiruote',3042,1767),(10519,'2006-05-15','2006-05-18','komandiruote',3042,1767),(10520,'2006-10-01','2006-10-03','komandiruote',2890,1767),(10521,'2006-11-26','2006-11-28','komandiruote',2890,1767),(10522,'2007-01-21','2007-01-22','komandiruote',3042,1767),(10523,'2007-03-23','2007-03-25','komandiruote',2948,1767),(10524,'2007-04-02','2007-04-04','komandiruote',3042,1767),(10525,'2007-05-12','2007-05-12','komandiruote',2982,1767),(10526,'2007-05-13','2007-05-15','komandiruote',3103,1767),(10527,'2007-06-12','2007-06-14','komandiruote',3103,1767),(10528,'2004-12-14','2004-12-16','komandiruote',2890,1768),(10529,'2005-01-23','2005-01-26','komandiruote',2890,1768),(10530,'2005-03-08','2005-03-09','komandiruote',2907,1768),(10531,'2005-03-18','2005-03-18','komandiruote',3103,1768),(10532,'2005-05-27','2005-06-01','komandiruote',3068,1768),(10533,'2005-06-04','2005-06-06','komandiruote',2884,1768),(10534,'2005-06-07','2005-06-08','komandiruote',2932,1768),(10535,'2005-06-09','2005-06-12','komandiruote',2880,1768),(10536,'2005-06-23','2005-06-26','komandiruote',2948,1768),(10537,'2005-09-12','2005-09-18','komandiruote',2956,1768),(10538,'2005-09-23','2005-09-25','komandiruote',2929,1768),(10539,'2005-10-04','2005-10-05','komandiruote',2890,1768),(10540,'2005-10-11','2005-10-12','komandiruote',2869,1768),(10541,'2005-10-13','2005-10-14','komandiruote',2976,1768),(10542,'2005-11-11','2005-11-16','komandiruote',2909,1768),(10543,'2006-02-27','2006-03-03','komandiruote',3019,1768),(10544,'2006-02-27','2006-03-03','komandiruote',2896,1768),(10545,'2006-03-29','2006-03-30','komandiruote',2918,1768),(10546,'2006-04-09','2006-04-11','komandiruote',2883,1768),(10547,'2006-05-01','2006-05-04','komandiruote',3089,1768),(10548,'2006-05-26','2006-05-31','komandiruote',3042,1768),(10549,'2006-11-12','2006-11-19','komandiruote',2962,1768),(10550,'2007-04-24','2007-04-27','komandiruote',2992,1768),(10551,'2005-05-03','2005-05-03','komandiruote',2981,1769),(10552,'2005-06-01','2005-06-03','komandiruote',2989,1769),(10553,'2005-11-24','2005-11-26','komandiruote',2918,1769),(10554,'2006-04-24','2006-04-29','komandiruote',3019,1769),(10555,'2007-05-07','2007-05-10','komandiruote',2890,1769),(10556,'2005-02-15','2005-02-15','komandiruote',2989,1770),(10557,'2005-02-11','2005-02-17','komandiruote',2890,1770),(10558,'2005-04-02','2005-04-05','komandiruote',3042,1770),(10559,'2005-04-25','2005-04-28','komandiruote',2890,1770),(10560,'2005-05-16','2005-05-19','komandiruote',2989,1770),(10561,'2005-06-23','2005-06-25','komandiruote',2883,1770),(10562,'2005-09-27','2005-09-30','komandiruote',3063,1770),(10563,'2005-09-27','2005-09-30','komandiruote',3063,1770),(10564,'2005-10-05','2005-10-07','komandiruote',2890,1770),(10565,'2005-10-09','2005-10-11','komandiruote',2955,1770),(10566,'2005-10-19','2005-10-23','komandiruote',3010,1770),(10567,'2005-12-01','2005-12-03','komandiruote',2890,1770),(10568,'2006-01-30','2006-02-01','komandiruote',2890,1770),(10569,'2006-03-19','2006-03-20','komandiruote',2981,1770),(10570,'2006-05-23','2006-05-25','komandiruote',2909,1770),(10571,'2006-06-11','2006-06-14','komandiruote',2947,1770),(10572,'2006-06-14','2006-06-19','komandiruote',2955,1770),(10573,'2004-11-28','2004-12-02','komandiruote',3042,1771),(10574,'2005-04-13','2005-04-16','komandiruote',3049,1771),(10575,'2005-04-25','2005-04-28','komandiruote',2890,1771),(10576,'2005-09-18','2005-09-21','komandiruote',2890,1771),(10577,'2006-05-04','2006-05-05','komandiruote',3071,1771),(10578,'2006-06-01','2006-06-03','komandiruote',2982,1771),(10579,'2006-06-05','2006-06-08','komandiruote',3068,1771),(10580,'2007-04-22','2007-04-24','komandiruote',3103,1771),(10581,'2007-05-21','2007-05-22','komandiruote',2981,1771),(10582,'2007-06-10','2007-06-16','komandiruote',2956,1771),(10583,'2004-12-05','2004-12-07','komandiruote',3042,1772),(10584,'2005-01-09','2005-01-11','komandiruote',2883,1772),(10585,'2005-01-24','2005-01-29','komandiruote',3042,1772),(10586,'2005-03-16','2005-03-18','komandiruote',3042,1772),(10587,'2005-04-04','2005-04-06','komandiruote',3042,1772),(10588,'2005-04-16','2005-04-21','komandiruote',3120,1772),(10589,'2005-04-23','2005-04-30','komandiruote',3042,1772),(10590,'2005-05-18','2005-05-20','komandiruote',3101,1772),(10591,'2005-05-30','2005-06-02','komandiruote',3042,1772),(10592,'2005-06-19','2005-06-25','komandiruote',3042,1772),(10593,'2005-06-19','2005-06-25','komandiruote',3042,1772),(10594,'2005-07-04','2005-07-06','komandiruote',2884,1772),(10595,'2005-09-11','2005-09-13','komandiruote',3042,1772),(10596,'2005-10-01','2005-10-08','komandiruote',3042,1772),(10597,'2005-10-09','2005-10-11','komandiruote',2955,1772),(10598,'2005-11-22','2005-11-24','komandiruote',3042,1772),(10599,'2005-11-24','2005-11-26','komandiruote',3048,1772),(10600,'2005-12-11','2005-12-13','komandiruote',3042,1772),(10601,'2005-12-14','2005-12-16','komandiruote',3042,1772),(10602,'2006-01-22','2006-01-24','komandiruote',3042,1772),(10603,'2006-06-16','2006-06-18','komandiruote',2918,1772),(10604,'2006-07-04','2006-07-08','komandiruote',3049,1772),(10605,'2006-11-21','2006-11-24','komandiruote',2890,1772),(10606,'2007-01-21','2007-01-27','komandiruote',3042,1772),(10607,'2007-02-06','2007-02-09','komandiruote',3049,1772),(10608,'2007-04-15','2007-04-21','komandiruote',3042,1772),(10609,'2007-05-23','2007-05-27','komandiruote',3120,1772),(10610,'2007-05-29','2007-06-01','komandiruote',3079,1772),(10611,'2007-06-03','2007-06-06','komandiruote',2932,1772),(10612,'2007-06-13','2007-06-15','komandiruote',3063,1772),(10613,'2007-06-28','2007-06-29','komandiruote',2988,1772),(10614,'2007-06-24','2007-06-30','komandiruote',3042,1772),(10615,'2004-12-14','2004-12-16','komandiruote',2890,1773),(10616,'2004-12-17','2004-12-19','komandiruote',2981,1773),(10617,'2005-01-12','2005-01-14','komandiruote',2981,1773),(10618,'2005-03-03','2005-03-05','komandiruote',2981,1773),(10619,'2005-03-21','2005-03-22','komandiruote',2982,1773),(10620,'2005-04-27','2005-04-30','komandiruote',2918,1773),(10621,'2005-05-02','2005-05-03','komandiruote',3103,1773),(10622,'2005-05-04','2005-05-05','komandiruote',2981,1773),(10623,'2005-05-22','2005-05-24','komandiruote',2890,1773),(10624,'2005-09-15','2005-09-16','komandiruote',2981,1773),(10625,'2006-02-05','2006-02-10','komandiruote',2932,1773),(10626,'2006-02-27','2006-02-28','komandiruote',2887,1773),(10627,'2006-04-06','2006-04-08','komandiruote',2981,1773),(10628,'2006-05-31','2006-06-01','komandiruote',3120,1773),(10629,'2006-06-05','2006-06-08','komandiruote',3068,1773),(10630,'2007-01-25','2007-01-26','komandiruote',2981,1773),(10631,'2007-05-21','2007-05-22','komandiruote',2981,1773),(10632,'2004-11-25','2004-11-27','komandiruote',3019,1774),(10633,'2005-02-15','2005-02-15','komandiruote',2989,1774),(10634,'2005-02-11','2005-02-17','komandiruote',2890,1774),(10635,'2005-03-15','2005-03-17','komandiruote',2890,1774),(10636,'2005-04-01','2005-04-02','komandiruote',3049,1774),(10637,'2005-04-26','2005-04-29','komandiruote',3103,1774),(10638,'2005-10-05','2005-10-08','komandiruote',2955,1774),(10639,'2005-10-16','2005-10-19','komandiruote',2907,1774),(10640,'2005-11-07','2005-11-10','komandiruote',2883,1774),(10641,'2006-01-23','2006-01-25','komandiruote',2890,1774),(10642,'2006-04-01','2006-04-04','komandiruote',3063,1774),(10643,'2007-01-17','2007-01-19','komandiruote',3103,1774),(10644,'2007-03-05','2007-03-11','komandiruote',2870,1774),(10645,'2007-05-10','2007-05-13','komandiruote',2981,1774),(10646,'2007-05-20','2007-05-22','komandiruote',3103,1774),(10647,'2007-06-04','2007-06-06','komandiruote',2907,1774),(10648,'2004-12-17','2004-12-19','komandiruote',2981,1775),(10649,'2005-01-16','2005-01-17','komandiruote',2982,1775),(10650,'2005-01-27','2005-01-29','komandiruote',2918,1775),(10651,'2005-02-15','2005-02-15','komandiruote',2989,1775),(10652,'2005-02-11','2005-02-17','komandiruote',2890,1775),(10653,'2005-03-02','2005-03-04','komandiruote',3103,1775),(10654,'2005-03-17','2005-03-20','komandiruote',3019,1775),(10655,'2005-03-20','2005-03-25','komandiruote',3049,1775),(10656,'2005-06-16','2005-06-19','komandiruote',3019,1775),(10657,'2005-06-28','2005-07-01','komandiruote',3026,1775),(10658,'2005-09-29','2005-09-30','komandiruote',2981,1775),(10659,'2005-10-09','2005-10-11','komandiruote',2955,1775),(10660,'2005-10-12','2005-10-14','komandiruote',3049,1775),(10661,'2005-10-23','2005-10-28','komandiruote',2946,1775),(10662,'2005-11-22','2005-11-25','komandiruote',2890,1775),(10663,'2005-11-24','2005-11-27','komandiruote',2918,1775),(10664,'2005-12-08','2005-12-11','komandiruote',3019,1775),(10665,'2006-01-23','2006-01-25','komandiruote',2890,1775),(10666,'2006-01-29','2006-01-31','komandiruote',2909,1775),(10667,'2006-02-05','2006-02-08','komandiruote',2967,1775),(10668,'2006-03-16','2006-03-17','komandiruote',3071,1775),(10669,'2006-03-23','2006-03-26','komandiruote',3019,1775),(10670,'2006-04-01','2006-04-04','komandiruote',3063,1775),(10671,'2006-05-15','2006-05-16','komandiruote',3103,1775),(10672,'2006-06-15','2006-06-18','komandiruote',3019,1775),(10673,'2006-08-01','2006-08-05','komandiruote',3063,1775),(10674,'2006-09-01','2006-09-06','komandiruote',2946,1775),(10675,'2006-10-30','2006-11-02','komandiruote',2909,1775),(10676,'2007-02-27','2007-03-01','komandiruote',2890,1775),(10677,'2007-03-22','2007-03-25','komandiruote',2989,1775),(10678,'2007-06-10','2007-06-13','komandiruote',3071,1775),(10679,'2007-06-14','2007-06-17','komandiruote',2989,1775),(10680,'2007-06-19','2007-06-21','komandiruote',3103,1775),(10681,'2005-03-02','2005-03-04','komandiruote',2982,1776),(10682,'2005-04-01','2005-04-02','komandiruote',3049,1776),(10683,'2005-10-17','2005-10-19','komandiruote',3048,1776),(10684,'2005-11-23','2005-11-25','komandiruote',3101,1776),(10685,'2005-12-08','2005-12-09','komandiruote',3048,1776),(10686,'2006-03-17','2006-03-20','komandiruote',2887,1776),(10687,'2006-04-02','2006-04-07','komandiruote',3042,1776),(10688,'2006-11-29','2006-12-02','komandiruote',2932,1776),(10689,'2007-05-16','2007-05-17','komandiruote',2981,1776),(10690,'2004-12-14','2004-12-16','komandiruote',2890,1777),(10691,'2005-04-06','2005-04-08','komandiruote',3071,1777),(10692,'2005-10-04','2005-10-05','komandiruote',2890,1777),(10693,'2005-10-15','2005-10-20','komandiruote',3079,1777),(10694,'2005-11-23','2005-11-25','komandiruote',3101,1777),(10695,'2006-03-23','2006-03-25','komandiruote',2918,1777),(10696,'2006-05-06','2006-05-14','komandiruote',2965,1777),(10697,'2006-06-12','2006-06-17','komandiruote',2956,1777),(10698,'2004-12-09','2004-12-10','komandiruote',2981,1778),(10699,'2004-12-14','2004-12-16','komandiruote',2890,1778),(10700,'2005-02-16','2005-02-17','komandiruote',3049,1778),(10701,'2005-02-23','2005-02-26','komandiruote',2883,1778),(10702,'2005-04-01','2005-04-02','komandiruote',3049,1778),(10703,'2005-04-04','2005-04-05','komandiruote',2890,1778),(10704,'2005-04-14','2005-04-16','komandiruote',2982,1778),(10705,'2005-04-25','2005-04-28','komandiruote',2890,1778),(10706,'2005-05-17','2005-05-20','komandiruote',2890,1778),(10707,'2005-05-30','2005-05-30','komandiruote',2887,1778),(10708,'2005-06-04','2005-06-06','komandiruote',2884,1778),(10709,'2005-06-07','2005-06-08','komandiruote',2932,1778),(10710,'2005-06-09','2005-06-12','komandiruote',2880,1778),(10711,'2005-06-29','2005-07-06','komandiruote',2956,1778),(10712,'2005-08-26','2005-08-28','komandiruote',2870,1778),(10713,'2005-10-01','2005-10-02','komandiruote',2887,1778),(10714,'2005-10-04','2005-10-05','komandiruote',2890,1778),(10715,'2005-10-18','2005-10-20','komandiruote',2955,1778),(10716,'2005-11-09','2005-11-11','komandiruote',2932,1778),(10717,'2005-11-12','2005-11-12','komandiruote',2981,1778),(10718,'2005-12-01','2005-12-02','komandiruote',2909,1778),(10719,'2005-12-14','2005-12-16','komandiruote',2982,1778),(10720,'2006-02-22','2006-02-26','komandiruote',2883,1778),(10721,'2006-03-17','2006-03-20','komandiruote',2887,1778),(10722,'2006-04-17','2006-04-19','komandiruote',2890,1778),(10723,'2006-05-07','2006-05-09','komandiruote',2890,1778),(10724,'2006-05-15','2006-05-16','komandiruote',2981,1778),(10725,'2006-05-29','2006-05-31','komandiruote',2890,1778),(10726,'2006-07-02','2006-07-07','komandiruote',2890,1778),(10727,'2006-08-20','2006-08-22','komandiruote',2981,1778),(10728,'2006-09-18','2006-09-19','komandiruote',2890,1778),(10729,'2006-09-22','2006-09-23','komandiruote',3103,1778),(10730,'2006-09-27','2006-09-29','komandiruote',3071,1778),(10731,'2006-10-04','2006-10-06','komandiruote',3094,1778),(10732,'2006-10-22','2006-10-24','komandiruote',2907,1778),(10733,'2006-10-29','2006-10-30','komandiruote',2918,1778),(10734,'2006-11-26','2006-11-28','komandiruote',2890,1778),(10735,'2007-02-21','2007-02-24','komandiruote',2883,1778),(10736,'2007-03-14','2007-03-16','komandiruote',2982,1778),(10737,'2007-04-16','2007-04-18','komandiruote',2955,1778),(10738,'2007-05-07','2007-05-08','komandiruote',2890,1778),(10739,'2007-05-16','2007-05-17','komandiruote',2981,1778),(10740,'2007-05-23','2007-05-27','komandiruote',2874,1778),(10741,'2007-06-04','2007-06-04','komandiruote',2982,1778),(10742,'2007-07-04','2007-07-10','komandiruote',3094,1778),(10743,'2005-10-26','2005-10-29','komandiruote',3101,1779),(10744,'2006-06-01','2006-06-03','komandiruote',2982,1779),(10745,'2006-07-01','2006-07-01','komandiruote',2982,1779),(10746,'2006-10-04','2006-10-06','komandiruote',3042,1779),(10747,'2006-11-21','2006-11-24','komandiruote',2890,1779),(10748,'2007-03-14','2007-03-16','komandiruote',2982,1779),(10749,'2005-05-03','2005-05-03','komandiruote',2981,1780),(10750,'2005-07-01','2005-07-03','komandiruote',3049,1780),(10751,'2005-11-24','2005-11-26','komandiruote',2918,1780),(10752,'2006-06-01','2006-06-03','komandiruote',2982,1780),(10753,'2006-06-08','2006-06-11','komandiruote',2932,1780),(10754,'2005-07-30','2005-08-06','komandiruote',3076,1781),(10755,'2005-10-26','2005-10-29','komandiruote',3101,1781),(10756,'2005-11-18','2005-11-20','komandiruote',3042,1781),(10757,'2005-11-21','2005-11-23','komandiruote',3042,1781),(10758,'2006-02-27','2006-02-28','komandiruote',2887,1781),(10759,'2006-05-31','2006-06-01','komandiruote',3120,1781),(10760,'2005-05-22','2005-05-24','komandiruote',2890,1782),(10761,'2005-06-03','2005-06-06','komandiruote',3103,1782),(10762,'2006-02-20','2006-02-21','komandiruote',2890,1783),(10763,'2006-04-27','2006-04-28','komandiruote',2981,1783),(10764,'2006-05-07','2006-05-09','komandiruote',2890,1783),(10765,'2006-05-21','2006-05-23','komandiruote',2883,1783),(10766,'2006-10-02','2006-10-04','komandiruote',2890,1784),(10767,'2004-12-06','2004-12-09','komandiruote',2890,1785),(10768,'2005-12-12','2005-12-14','komandiruote',3079,1785),(10769,'2007-04-25','2007-04-28','komandiruote',3103,1785),(10770,'2005-01-24','2005-01-26','komandiruote',2890,1786),(10771,'2005-02-13','2005-02-16','komandiruote',2953,1786),(10772,'2005-03-11','2005-03-17','komandiruote',2915,1786),(10773,'2005-04-04','2005-04-05','komandiruote',2890,1786),(10774,'2005-09-14','2005-09-16','komandiruote',2890,1786),(10775,'2005-11-20','2005-11-21','komandiruote',2999,1786),(10776,'2006-03-24','2006-03-28','komandiruote',2890,1786),(10777,'2007-03-15','2007-03-19','komandiruote',3088,1786),(10778,'2004-12-17','2004-12-19','komandiruote',2981,1787),(10779,'2005-02-17','2005-02-19','komandiruote',2918,1787),(10780,'2005-04-27','2005-04-30','komandiruote',2918,1787),(10781,'2005-11-10','2005-11-12','komandiruote',2918,1787),(10782,'2005-11-24','2005-11-27','komandiruote',2918,1787),(10783,'2007-05-17','2007-05-19','komandiruote',2981,1787),(10784,'2007-06-07','2007-06-09','komandiruote',2918,1787),(10785,'2007-06-07','2007-06-09','komandiruote',2981,1787),(10786,'2005-05-25','2005-05-27','komandiruote',3019,1788),(10787,'2005-12-01','2005-12-06','komandiruote',2964,1788),(10788,'2006-06-15','2006-06-17','komandiruote',2981,1788),(10789,'2007-04-10','2007-04-14','komandiruote',2890,1788),(10790,'2005-05-23','2005-05-25','komandiruote',2981,1789),(10791,'2005-09-01','2005-09-17','komandiruote',3063,1789),(10792,'2005-10-28','2005-11-03','komandiruote',3081,1789),(10793,'2006-03-23','2006-03-27','komandiruote',3094,1789),(10794,'2004-11-24','2004-11-25','komandiruote',3071,1790),(10795,'2004-12-14','2004-12-16','komandiruote',2890,1790),(10796,'2005-01-23','2005-01-26','komandiruote',3071,1790),(10797,'2005-01-23','2005-01-26','komandiruote',2890,1790),(10798,'2005-02-10','2005-02-11','komandiruote',3094,1790),(10799,'2005-02-19','2005-02-21','komandiruote',2890,1790),(10800,'2005-02-22','2005-02-24','komandiruote',3042,1790),(10801,'2005-03-08','2005-03-10','komandiruote',2955,1790),(10802,'2005-04-01','2005-04-09','komandiruote',2884,1790),(10803,'2005-05-27','2005-06-01','komandiruote',3068,1790),(10804,'2005-06-02','2005-06-03','komandiruote',3101,1790),(10805,'2005-06-19','2005-06-23','komandiruote',3094,1790),(10806,'2005-06-30','2005-07-01','komandiruote',3103,1790),(10807,'2005-07-02','2005-07-09','komandiruote',2966,1790),(10808,'2005-07-10','2005-07-15','komandiruote',2896,1790),(10809,'2005-10-17','2005-10-19','komandiruote',3009,1790),(10810,'2005-11-11','2005-11-16','komandiruote',2909,1790),(10811,'2005-11-21','2005-11-22','komandiruote',2901,1790),(10812,'2005-12-05','2005-12-09','komandiruote',2896,1790),(10813,'2006-02-18','2006-02-21','komandiruote',2890,1790),(10814,'2006-03-12','2006-03-16','komandiruote',2896,1790),(10815,'2006-03-17','2006-03-20','komandiruote',2887,1790),(10816,'2006-05-04','2006-05-05','komandiruote',3103,1790),(10817,'2006-05-26','2006-05-31','komandiruote',3042,1790),(10818,'2006-09-06','2006-09-09','komandiruote',2982,1790),(10819,'2006-09-22','2006-09-24','komandiruote',2947,1790),(10820,'2006-10-21','2006-10-28','komandiruote',2966,1790),(10821,'2006-11-12','2006-11-19','komandiruote',2962,1790),(10822,'2007-03-04','2007-03-07','komandiruote',3089,1790),(10823,'2007-05-24','2007-05-29','komandiruote',3039,1790),(10824,'2007-06-10','2007-06-16','komandiruote',2951,1790),(10825,'2005-05-22','2005-05-24','komandiruote',3049,1791),(10826,'2006-05-29','2006-05-31','komandiruote',2918,1791),(10827,'2006-06-29','2006-07-02','komandiruote',2909,1791),(10828,'2006-08-20','2006-08-22','komandiruote',2981,1791),(10829,'2006-09-27','2006-09-30','komandiruote',2946,1791),(10830,'2006-11-29','2006-12-02','komandiruote',2932,1791),(10831,'2007-03-14','2007-03-16','komandiruote',2982,1791),(10832,'2007-03-21','2007-03-24','komandiruote',2948,1791),(10833,'2007-04-17','2007-04-19','komandiruote',3063,1791),(10834,'2007-05-13','2007-05-15','komandiruote',3026,1791),(10835,'2007-05-24','2007-05-26','komandiruote',3067,1791),(10836,'2007-06-21','2007-06-23','komandiruote',3009,1791),(10837,'2004-12-17','2004-12-19','komandiruote',2981,1792),(10838,'2005-02-16','2005-02-21','komandiruote',3079,1792),(10839,'2005-03-12','2005-03-17','komandiruote',3103,1792),(10840,'2005-04-27','2005-04-30','komandiruote',2918,1792),(10841,'2005-05-19','2005-05-22','komandiruote',2890,1792),(10842,'2005-09-18','2005-09-22','komandiruote',3079,1792),(10843,'2005-11-15','2005-11-19','komandiruote',3088,1792),(10844,'2005-11-23','2005-11-25','komandiruote',2955,1792),(10845,'2006-03-08','2006-03-11','komandiruote',3103,1792),(10846,'2006-03-27','2006-03-30','komandiruote',2907,1792),(10847,'2006-04-27','2006-04-28','komandiruote',2981,1792),(10848,'2006-06-21','2006-06-25','komandiruote',2999,1792),(10849,'2006-09-27','2006-09-28','komandiruote',3071,1792),(10850,'2007-03-02','2007-03-05','komandiruote',2948,1792),(10851,'2007-04-24','2007-04-26','komandiruote',2909,1792),(10852,'2007-06-21','2007-06-23','komandiruote',3009,1792),(10853,'2006-03-23','2006-03-25','komandiruote',2918,1793),(10854,'2006-10-26','2006-10-27','komandiruote',2981,1793),(10855,'2007-06-04','2007-06-07','komandiruote',2890,1793),(10856,'2005-02-26','2005-03-01','komandiruote',3063,1794),(10857,'2005-05-25','2005-05-27','komandiruote',3063,1794),(10858,'2005-10-15','2005-10-20','komandiruote',3079,1794),(10859,'2006-04-02','2006-04-07','komandiruote',3042,1794),(10860,'2006-05-06','2006-05-14','komandiruote',2965,1794),(10861,'2004-12-14','2004-12-16','komandiruote',2890,1795),(10862,'2005-03-02','2005-03-04','komandiruote',2982,1795),(10863,'2005-04-24','2005-04-27','komandiruote',3049,1795),(10864,'2005-05-27','2005-06-01','komandiruote',3068,1795),(10865,'2005-07-09','2005-07-15','komandiruote',2890,1795),(10866,'2005-10-16','2005-10-21','komandiruote',3103,1795),(10867,'2005-11-07','2005-11-08','komandiruote',2955,1795),(10868,'2005-11-11','2005-11-16','komandiruote',2909,1795),(10869,'2005-12-12','2005-12-14','komandiruote',3079,1795),(10870,'2005-12-19','2005-12-23','komandiruote',3040,1795),(10871,'2006-02-05','2006-02-10','komandiruote',2932,1795),(10872,'2006-02-27','2006-02-28','komandiruote',2887,1795),(10873,'2006-04-09','2006-04-11','komandiruote',2883,1795),(10874,'2006-04-12','2006-04-14','komandiruote',3079,1795),(10875,'2006-04-21','2006-04-24','komandiruote',2871,1795),(10876,'2006-05-26','2006-05-31','komandiruote',3042,1795),(10877,'2006-06-11','2006-06-17','komandiruote',2956,1795),(10878,'2006-09-18','2006-09-21','komandiruote',3049,1795),(10879,'2006-11-12','2006-11-19','komandiruote',2962,1795),(10880,'2006-12-10','2006-12-14','komandiruote',2956,1795),(10881,'2007-04-18','2007-04-21','komandiruote',2932,1795),(10882,'2007-05-01','2007-05-02','komandiruote',2982,1795),(10883,'2007-05-24','2007-05-29','komandiruote',3039,1795),(10884,'2007-06-04','2007-06-08','komandiruote',3026,1795),(10885,'2007-06-10','2007-06-12','komandiruote',3103,1795),(10886,'2005-04-27','2005-04-30','komandiruote',2918,1796),(10887,'2007-03-26','2007-03-30','komandiruote',3103,1796),(10888,'2004-12-24','2004-12-28','komandiruote',3094,1797),(10889,'2005-02-10','2005-02-11','komandiruote',3094,1798),(10890,'2005-02-15','2005-02-15','komandiruote',2989,1798),(10891,'2005-02-11','2005-02-17','komandiruote',2890,1798),(10892,'2005-03-15','2005-03-17','komandiruote',2890,1798),(10893,'2005-04-09','2005-04-16','komandiruote',2962,1798),(10894,'2005-04-25','2005-04-26','komandiruote',2982,1798),(10895,'2005-05-16','2005-05-19','komandiruote',2989,1798),(10896,'2005-07-07','2005-07-11','komandiruote',2890,1798),(10897,'2005-07-30','2005-08-06','komandiruote',3076,1798),(10898,'2005-10-06','2005-10-08','komandiruote',3042,1798),(10899,'2005-10-19','2005-10-23','komandiruote',3010,1798),(10900,'2005-11-13','2005-11-15','komandiruote',2907,1798),(10901,'2005-11-24','2005-11-26','komandiruote',2918,1798),(10902,'2006-02-05','2006-02-08','komandiruote',2967,1798),(10903,'2006-04-02','2006-04-07','komandiruote',3042,1798),(10904,'2006-05-07','2006-05-09','komandiruote',2890,1798),(10905,'2006-05-21','2006-05-23','komandiruote',2883,1798),(10906,'2006-06-01','2006-06-03','komandiruote',2982,1798),(10907,'2006-06-11','2006-06-14','komandiruote',2947,1798),(10908,'2006-06-29','2006-07-04','komandiruote',2999,1798),(10909,'2006-10-02','2006-10-04','komandiruote',2890,1798),(10910,'2006-10-14','2006-10-18','komandiruote',3079,1798),(10911,'2006-10-18','2006-10-22','komandiruote',2989,1798),(10912,'2006-11-19','2006-11-21','komandiruote',3071,1798),(10913,'2006-11-30','2006-12-03','komandiruote',3079,1798),(10914,'2007-01-29','2007-01-31','komandiruote',2890,1798),(10915,'2007-04-17','2007-04-26','komandiruote',3103,1798),(10916,'2007-05-09','2007-05-11','komandiruote',2997,1798),(10917,'2007-05-13','2007-05-15','komandiruote',3026,1798),(10918,'2007-07-02','2007-07-09','komandiruote',2924,1798),(10919,'2004-12-14','2004-12-16','komandiruote',2890,1799),(10920,'2005-03-18','2005-03-18','komandiruote',3103,1799),(10921,'2005-10-15','2005-10-20','komandiruote',3079,1799),(10922,'2005-10-26','2005-10-27','komandiruote',2918,1799),(10923,'2005-11-21','2005-11-23','komandiruote',3042,1799),(10924,'2005-11-22','2005-11-25','komandiruote',2890,1799),(10925,'2006-04-02','2006-04-07','komandiruote',3042,1799),(10926,'2006-06-29','2006-07-04','komandiruote',2999,1799),(10927,'2007-06-14','2007-06-17','komandiruote',3048,1799),(10928,'2005-03-12','2005-03-17','komandiruote',3103,1800),(10929,'2005-05-23','2005-05-24','komandiruote',2890,1800),(10930,'2005-11-15','2005-11-19','komandiruote',3088,1800),(10931,'2006-03-08','2006-03-11','komandiruote',3103,1800),(10932,'2006-03-08','2006-03-11','komandiruote',3103,1800),(10933,'2006-03-15','2006-03-17','komandiruote',2907,1800),(10934,'2006-04-04','2006-04-07','komandiruote',2981,1800),(10935,'2006-06-12','2006-06-17','komandiruote',2956,1800),(10936,'2006-06-21','2006-06-25','komandiruote',2999,1800),(10937,'2006-09-27','2006-09-28','komandiruote',3071,1800),(10938,'2006-10-29','2006-11-03','komandiruote',2929,1800),(10939,'2007-01-30','2007-02-03','komandiruote',2956,1800),(10940,'2005-01-20','2005-01-23','komandiruote',3103,1801),(10941,'2005-04-16','2005-04-20','komandiruote',3101,1801),(10942,'2005-04-25','2005-04-26','komandiruote',2982,1801),(10943,'2005-05-13','2005-05-13','komandiruote',3094,1801),(10944,'2005-06-08','2005-06-10','komandiruote',2918,1801),(10945,'2005-06-21','2005-06-22','komandiruote',2982,1801),(10946,'2005-08-26','2005-08-29','komandiruote',3101,1801),(10947,'2005-09-15','2005-09-18','komandiruote',3094,1801),(10948,'2005-10-09','2005-10-11','komandiruote',2955,1801),(10949,'2005-10-19','2005-10-26','komandiruote',3101,1801),(10950,'2005-11-24','2005-11-25','komandiruote',2918,1801),(10951,'2006-01-10','2006-01-15','komandiruote',3103,1801),(10952,'2006-09-26','2006-09-28','komandiruote',2870,1801),(10953,'2006-10-11','2006-10-13','komandiruote',3071,1801),(10954,'2006-11-28','2006-11-30','komandiruote',3094,1801),(10955,'2007-04-12','2007-04-14','komandiruote',3094,1801),(10956,'2007-06-04','2007-06-07','komandiruote',2890,1801),(10957,'2007-06-16','2007-06-19','komandiruote',3103,1801),(10958,'2005-02-21','2005-02-26','komandiruote',3103,1802),(10959,'2005-04-05','2005-04-09','komandiruote',3103,1802),(10960,'2005-08-27','2005-09-10','komandiruote',3103,1802),(10961,'2005-04-03','2005-04-09','komandiruote',2962,1803),(10962,'2005-07-07','2005-07-11','komandiruote',2890,1803),(10963,'2005-10-19','2005-10-23','komandiruote',3010,1803),(10964,'2006-10-18','2006-10-22','komandiruote',2989,1803),(10965,'2006-11-28','2006-12-01','komandiruote',2948,1803),(10966,'2007-06-13','2007-06-15','komandiruote',3063,1803),(10967,'2005-11-22','2005-11-25','komandiruote',2890,1804),(10968,'2007-01-21','2007-01-22','komandiruote',3042,1804),(10969,'2007-01-23','2007-01-23','komandiruote',2989,1804),(10970,'2007-01-24','2007-01-25','komandiruote',2890,1804),(10971,'2005-04-21','2005-04-24','komandiruote',3042,1805),(10972,'2005-04-26','2005-04-29','komandiruote',3103,1805),(10973,'2005-11-09','2005-11-14','komandiruote',2999,1805),(10974,'2005-11-20','2005-11-22','komandiruote',2955,1805),(10975,'2006-05-29','2006-06-02','komandiruote',2890,1805),(10976,'2006-12-03','2006-12-07','komandiruote',2948,1805),(10977,'2007-03-26','2007-03-30','komandiruote',3103,1805),(10978,'2005-02-26','2005-03-01','komandiruote',3063,1806),(10979,'2005-05-03','2005-05-03','komandiruote',2981,1806),(10980,'2005-06-01','2005-06-03','komandiruote',2989,1806),(10981,'2005-11-24','2005-11-26','komandiruote',2918,1806),(10982,'2007-05-07','2007-05-10','komandiruote',2890,1806),(10983,'2007-06-06','2007-06-18','komandiruote',2941,1806),(10984,'2005-04-26','2005-04-29','komandiruote',3103,1807),(10985,'2005-10-05','2005-10-06','komandiruote',2909,1807),(10986,'2005-11-26','2005-11-30','komandiruote',3103,1807),(10987,'2006-01-10','2006-01-15','komandiruote',3103,1807),(10988,'2006-09-26','2006-09-28','komandiruote',2870,1807),(10989,'2007-04-02','2007-04-04','komandiruote',3094,1807),(10990,'2007-06-04','2007-06-06','komandiruote',2907,1807),(10991,'2005-02-10','2005-02-11','komandiruote',3094,1808),(10992,'2005-12-14','2005-12-16','komandiruote',3049,1808),(10993,'2006-12-03','2006-12-05','komandiruote',2890,1808),(10994,'2007-04-15','2007-04-17','komandiruote',2982,1808),(10995,'2007-04-25','2007-04-28','komandiruote',3103,1808),(10996,'2007-05-16','2007-05-17','komandiruote',2981,1808),(10997,'2005-02-21','2005-02-26','komandiruote',3103,1809),(10998,'2005-03-20','2005-03-24','komandiruote',3042,1809),(10999,'2005-03-30','2005-04-01','komandiruote',2890,1809),(11000,'2005-04-04','2005-04-05','komandiruote',2890,1809),(11001,'2005-04-14','2005-04-16','komandiruote',2982,1809),(11002,'2005-05-10','2005-05-12','komandiruote',3103,1809),(11003,'2005-05-23','2005-05-25','komandiruote',2981,1809),(11004,'2005-06-04','2005-06-06','komandiruote',2884,1809),(11005,'2005-06-07','2005-06-08','komandiruote',2932,1809),(11006,'2005-06-09','2005-06-12','komandiruote',2880,1809),(11007,'2005-10-05','2005-10-07','komandiruote',2890,1809),(11008,'2005-10-25','2005-10-27','komandiruote',3103,1809),(11009,'2005-10-26','2005-10-29','komandiruote',3103,1809),(11010,'2005-11-27','2005-11-28','komandiruote',2955,1809),(11011,'2006-01-30','2006-02-01','komandiruote',2890,1809),(11012,'2006-02-20','2006-02-21','komandiruote',2890,1809),(11013,'2006-03-14','2006-03-16','komandiruote',3071,1809),(11014,'2006-05-03','2006-05-06','komandiruote',3103,1809),(11015,'2006-05-15','2006-05-16','komandiruote',3019,1809),(11016,'2006-05-23','2006-05-28','komandiruote',3035,1809),(11017,'2004-12-17','2004-12-19','komandiruote',2981,1810),(11018,'2005-02-17','2005-02-19','komandiruote',2918,1810),(11019,'2005-04-01','2005-04-02','komandiruote',3049,1810),(11020,'2005-06-08','2005-06-10','komandiruote',2918,1810),(11021,'2005-11-10','2005-11-12','komandiruote',2918,1810),(11022,'2005-11-24','2005-11-27','komandiruote',2918,1810),(11023,'2005-12-14','2005-12-16','komandiruote',3049,1810),(11024,'2006-01-10','2006-01-15','komandiruote',3103,1810),(11025,'2006-09-26','2006-09-28','komandiruote',2870,1810),(11026,'2006-11-20','2006-11-22','komandiruote',3049,1810),(11027,'2007-02-15','2007-02-18','komandiruote',2989,1810),(11028,'2007-03-04','2007-03-07','komandiruote',3103,1810),(11029,'2007-04-24','2007-04-26','komandiruote',2909,1810),(11030,'2007-05-17','2007-05-19','komandiruote',2981,1810),(11031,'2007-06-04','2007-06-06','komandiruote',2907,1810),(11032,'2005-01-13','2005-01-15','komandiruote',3042,1811),(11033,'2005-01-24','2005-01-29','komandiruote',3042,1811),(11034,'2005-09-10','2005-09-14','komandiruote',2946,1811),(11035,'2006-04-17','2006-04-21','komandiruote',2883,1811),(11036,'2006-05-14','2006-05-17','komandiruote',3042,1811),(11037,'2006-09-13','2006-09-17','komandiruote',2997,1811),(11038,'2006-11-26','2006-11-29','komandiruote',2947,1811),(11039,'2007-01-21','2007-01-27','komandiruote',3042,1811),(11040,'2007-04-15','2007-04-21','komandiruote',3042,1811),(11041,'2007-05-07','2007-05-10','komandiruote',2890,1811),(11042,'2007-06-24','2007-06-30','komandiruote',3042,1811),(11043,'2004-11-25','2004-11-27','komandiruote',3019,1812),(11044,'2005-03-13','2005-03-16','komandiruote',2955,1812),(11045,'2005-05-10','2005-05-13','komandiruote',3042,1812),(11046,'2005-06-08','2005-06-10','komandiruote',2918,1812),(11047,'2005-06-26','2005-07-02','komandiruote',2956,1812),(11048,'2005-09-18','2005-09-21','komandiruote',2890,1812),(11049,'2005-11-27','2005-11-30','komandiruote',3103,1812),(11050,'2005-12-04','2005-12-07','komandiruote',3042,1812),(11051,'2006-02-19','2006-02-23','komandiruote',2883,1812),(11052,'2006-06-06','2006-06-09','komandiruote',3071,1812),(11053,'2006-06-25','2006-07-04','komandiruote',2956,1812),(11054,'2006-09-26','2006-09-28','komandiruote',2870,1812),(11055,'2007-05-01','2007-05-03','komandiruote',3042,1812),(11056,'2007-06-13','2007-06-16','komandiruote',2982,1812),(11057,'2005-10-08','2005-10-16','komandiruote',2966,1813),(11058,'2007-06-14','2007-06-17','komandiruote',3048,1813),(11059,'2005-03-03','2005-03-05','komandiruote',2981,1814),(11060,'2005-05-22','2005-05-24','komandiruote',2890,1814),(11061,'2005-06-08','2005-06-10','komandiruote',2918,1814),(11062,'2005-07-01','2005-07-01','komandiruote',3049,1814),(11063,'2005-10-31','2005-11-03','komandiruote',2880,1814),(11064,'2005-11-22','2005-11-25','komandiruote',2890,1814),(11065,'2006-03-17','2006-03-20','komandiruote',2887,1814),(11066,'2007-01-17','2007-01-19','komandiruote',3103,1814),(11067,'2007-06-04','2007-06-06','komandiruote',2907,1814),(11068,'2007-06-28','2007-06-29','komandiruote',2988,1814),(11069,'2005-02-15','2005-02-15','komandiruote',2989,1815),(11070,'2005-02-11','2005-02-17','komandiruote',2890,1815),(11071,'2005-02-27','2005-03-04','komandiruote',2955,1815),(11072,'2005-04-24','2005-04-26','komandiruote',2890,1815),(11073,'2005-10-16','2005-10-19','komandiruote',2907,1815),(11074,'2006-03-30','2006-04-01','komandiruote',2883,1815),(11075,'2006-09-24','2006-09-28','komandiruote',3079,1815),(11076,'2006-10-01','2006-10-03','komandiruote',2890,1815),(11077,'2006-10-30','2006-11-01','komandiruote',3071,1815),(11078,'2006-11-26','2006-11-28','komandiruote',2890,1815),(11079,'2007-05-13','2007-05-15','komandiruote',3103,1815),(11080,'2007-05-28','2007-06-01','komandiruote',2932,1815),(11081,'2005-10-10','2005-10-13','komandiruote',2890,1816),(11082,'2006-01-09','2006-01-12','komandiruote',2890,1816),(11083,'2006-02-05','2006-02-10','komandiruote',2932,1816),(11084,'2006-05-28','2006-05-30','komandiruote',2883,1816),(11085,'2006-06-01','2006-06-03','komandiruote',2982,1816),(11086,'2006-10-26','2006-10-27','komandiruote',2981,1816),(11087,'2007-01-21','2007-01-22','komandiruote',3042,1816),(11088,'2007-01-23','2007-01-23','komandiruote',2989,1816),(11089,'2007-01-24','2007-01-25','komandiruote',2890,1816),(11090,'2005-11-22','2005-11-25','komandiruote',2890,1817),(11091,'2005-12-14','2005-12-16','komandiruote',3049,1817),(11092,'2006-09-24','2006-09-30','komandiruote',2966,1817),(11093,'2005-04-18','2005-04-22','komandiruote',3063,1818),(11094,'2005-05-03','2005-05-03','komandiruote',2981,1818),(11095,'2005-05-22','2005-05-24','komandiruote',2890,1818),(11096,'2005-06-01','2005-06-03','komandiruote',2989,1818),(11097,'2005-06-12','2005-06-17','komandiruote',3042,1818),(11098,'2005-07-02','2005-07-09','komandiruote',2951,1818),(11099,'2005-10-09','2005-10-11','komandiruote',3042,1818),(11100,'2005-10-12','2005-10-15','komandiruote',2955,1818),(11101,'2005-11-07','2005-11-10','komandiruote',3042,1818),(11102,'2005-11-24','2005-11-26','komandiruote',2918,1818),(11103,'2005-12-04','2005-12-07','komandiruote',3042,1818),(11104,'2006-01-30','2006-02-01','komandiruote',2890,1818),(11105,'2006-04-02','2006-04-06','komandiruote',3089,1818),(11106,'2006-05-15','2006-05-18','komandiruote',3042,1818),(11107,'2006-05-23','2006-05-28','komandiruote',3035,1818),(11108,'2006-06-18','2006-06-22','komandiruote',3042,1818),(11109,'2006-09-17','2006-09-18','komandiruote',3042,1818),(11110,'2006-09-19','2006-09-23','komandiruote',3040,1818),(11111,'2006-11-21','2006-11-25','komandiruote',2948,1818),(11112,'2006-11-26','2006-11-28','komandiruote',2890,1818),(11113,'2007-03-15','2007-03-16','komandiruote',3103,1818),(11114,'2007-05-07','2007-05-10','komandiruote',2890,1818),(11115,'2007-05-20','2007-05-23','komandiruote',2948,1818),(11116,'2007-06-03','2007-06-07','komandiruote',3042,1818),(11117,'2007-06-28','2007-06-29','komandiruote',2988,1818),(11118,'2004-12-17','2004-12-19','komandiruote',2981,1819),(11119,'2005-02-10','2005-02-12','komandiruote',2918,1819),(11120,'2005-02-24','2005-02-27','komandiruote',3101,1819),(11121,'2005-09-15','2005-09-16','komandiruote',2981,1819),(11122,'2005-09-29','2005-09-30','komandiruote',2981,1819),(11123,'2005-10-16','2005-10-18','komandiruote',2890,1819),(11124,'2005-11-24','2005-11-27','komandiruote',2918,1819),(11125,'2005-11-28','2005-11-30','komandiruote',2890,1819),(11126,'2006-02-09','2006-02-12','komandiruote',2988,1819),(11127,'2006-03-05','2006-03-06','komandiruote',2981,1819),(11128,'2006-04-06','2006-04-08','komandiruote',2981,1819),(11129,'2006-05-18','2006-05-21','komandiruote',2890,1819),(11130,'2004-12-16','2004-12-18','komandiruote',3042,1820),(11131,'2004-12-25','2004-12-28','komandiruote',3094,1820),(11132,'2005-02-02','2005-02-03','komandiruote',2909,1820),(11133,'2005-05-05','2005-05-08','komandiruote',2982,1820),(11134,'2005-07-18','2005-07-20','komandiruote',2918,1820),(11135,'2005-08-22','2005-08-28','komandiruote',3037,1820),(11136,'2005-11-24','2005-11-26','komandiruote',2918,1820),(11137,'2006-03-17','2006-03-20','komandiruote',2887,1820),(11138,'2006-03-23','2006-03-27','komandiruote',3094,1820),(11139,'2006-05-04','2006-05-07','komandiruote',2982,1820),(11140,'2006-10-04','2006-10-06','komandiruote',3042,1820),(11141,'2006-10-14','2006-10-18','komandiruote',3079,1820),(11142,'2006-11-21','2006-11-24','komandiruote',2890,1820),(11143,'2007-02-04','2007-02-06','komandiruote',2890,1820),(11144,'2007-04-17','2007-04-19','komandiruote',3063,1820),(11145,'2007-05-28','2007-06-01','komandiruote',2932,1820),(11146,'2004-11-28','2004-12-01','komandiruote',2890,1821),(11147,'2005-07-06','2005-07-10','komandiruote',3101,1821),(11148,'2006-12-04','2006-12-04','komandiruote',2981,1821),(11149,'2007-01-14','2007-01-18','komandiruote',3071,1821),(11150,'2007-03-14','2007-03-18','komandiruote',3103,1821),(11151,'2007-03-18','2007-03-21','komandiruote',3039,1821),(11152,'2005-02-07','2005-02-11','komandiruote',2929,1822),(11153,'2005-03-20','2005-03-21','komandiruote',2890,1822),(11154,'2005-04-11','2005-04-13','komandiruote',3042,1822),(11155,'2005-05-10','2005-05-13','komandiruote',3042,1822),(11156,'2005-05-22','2005-05-24','komandiruote',2890,1822),(11157,'2005-07-09','2005-07-15','komandiruote',2890,1822),(11158,'2005-09-14','2005-09-18','komandiruote',2955,1822),(11159,'2006-02-07','2006-02-09','komandiruote',2890,1822),(11160,'2006-02-13','2006-02-17','komandiruote',3094,1822),(11161,'2006-03-17','2006-03-20','komandiruote',2887,1822),(11162,'2006-03-23','2006-03-27','komandiruote',3094,1822),(11163,'2006-04-27','2006-04-28','komandiruote',2981,1822),(11164,'2006-07-09','2006-07-16','komandiruote',2956,1822),(11165,'2006-10-15','2006-10-19','komandiruote',3094,1822),(11166,'2006-12-17','2006-12-21','komandiruote',3042,1822),(11167,'2007-02-04','2007-02-08','komandiruote',3103,1822),(11168,'2007-03-12','2007-03-14','komandiruote',3042,1822),(11169,'2007-05-01','2007-05-03','komandiruote',3042,1822),(11170,'2007-06-28','2007-06-29','komandiruote',2988,1822),(11171,'2004-12-06','2004-12-09','komandiruote',2890,1823),(11172,'2005-02-26','2005-03-01','komandiruote',3063,1823),(11173,'2005-09-27','2005-09-30','komandiruote',3063,1823),(11174,'2005-09-27','2005-09-30','komandiruote',3063,1823),(11175,'2005-11-07','2005-11-10','komandiruote',2883,1823),(11176,'2005-11-28','2005-12-06','komandiruote',3082,1823),(11177,'2006-10-25','2006-10-28','komandiruote',2947,1823),(11178,'2007-05-09','2007-05-13','komandiruote',2948,1823),(11179,'2005-10-18','2005-10-20','komandiruote',2955,1824),(11180,'2005-02-10','2005-02-12','komandiruote',2918,1825),(11181,'2005-02-17','2005-02-19','komandiruote',2918,1825),(11182,'2005-03-20','2005-03-24','komandiruote',3049,1825),(11183,'2005-04-27','2005-04-30','komandiruote',2918,1825),(11184,'2005-09-29','2005-09-30','komandiruote',2981,1825),(11185,'2005-10-17','2005-10-18','komandiruote',3101,1825),(11186,'2005-11-24','2005-11-27','komandiruote',2918,1825),(11187,'2006-01-16','2006-01-21','komandiruote',2966,1825),(11188,'2006-03-05','2006-03-06','komandiruote',2981,1825),(11189,'2006-05-28','2006-05-30','komandiruote',2883,1825),(11190,'2006-05-28','2006-05-30','komandiruote',2883,1825),(11191,'2006-06-05','2006-06-08','komandiruote',2890,1825),(11192,'2006-09-19','2006-09-22','komandiruote',3103,1825),(11193,'2006-09-28','2006-09-29','komandiruote',2981,1825),(11194,'2006-10-19','2006-10-20','komandiruote',3094,1825),(11195,'2007-01-08','2007-01-10','komandiruote',2890,1825),(11196,'2007-02-01','2007-02-02','komandiruote',2981,1825),(11197,'2007-02-15','2007-02-18','komandiruote',2989,1825),(11198,'2007-02-28','2007-03-03','komandiruote',2956,1825),(11199,'2007-04-28','2007-05-01','komandiruote',3103,1825),(11200,'2007-06-07','2007-06-10','komandiruote',3063,1825),(11201,'2004-12-09','2004-12-10','komandiruote',2981,1826),(11202,'2005-01-10','2005-01-12','komandiruote',3026,1826),(11203,'2005-01-23','2005-01-26','komandiruote',2890,1826),(11204,'2005-02-16','2005-02-17','komandiruote',3049,1826),(11205,'2005-02-21','2005-02-26','komandiruote',3103,1826),(11206,'2005-03-02','2005-03-04','komandiruote',2982,1826),(11207,'2005-03-10','2005-03-11','komandiruote',2918,1826),(11208,'2005-03-13','2005-03-16','komandiruote',2989,1826),(11209,'2005-03-20','2005-03-24','komandiruote',3049,1826),(11210,'2005-04-01','2005-04-02','komandiruote',3049,1826),(11211,'2005-04-13','2005-04-15','komandiruote',3071,1826),(11212,'2005-05-02','2005-05-03','komandiruote',3103,1826),(11213,'2005-05-13','2005-05-13','komandiruote',3094,1826),(11214,'2005-06-06','2005-06-08','komandiruote',2947,1826),(11215,'2005-06-18','2005-06-21','komandiruote',3103,1826),(11216,'2005-07-01','2005-07-03','komandiruote',3049,1826),(11217,'2005-10-04','2005-10-05','komandiruote',2890,1826),(11218,'2005-10-25','2005-10-27','komandiruote',3103,1826),(11219,'2005-11-07','2005-11-10','komandiruote',2883,1826),(11220,'2005-11-21','2005-11-22','komandiruote',2901,1826),(11221,'2005-11-23','2005-11-25','komandiruote',3101,1826),(11222,'2005-11-29','2005-11-29','komandiruote',2982,1826),(11223,'2005-12-08','2005-12-09','komandiruote',3048,1826),(11224,'2006-03-26','2006-03-29','komandiruote',2883,1826),(11225,'2006-03-30','2006-03-31','komandiruote',3009,1826),(11226,'2006-04-25','2006-04-26','komandiruote',2880,1826),(11227,'2006-09-01','2006-09-03','komandiruote',3103,1826),(11228,'2006-09-06','2006-09-06','komandiruote',2982,1826),(11229,'2006-09-27','2006-09-30','komandiruote',2946,1826),(11230,'2006-10-02','2006-10-05','komandiruote',3049,1826),(11231,'2006-10-06','2006-10-08','komandiruote',3103,1826),(11232,'2006-11-07','2006-11-08','komandiruote',3079,1826),(11233,'2007-02-25','2007-02-28','komandiruote',3103,1826),(11234,'2007-03-02','2007-03-02','komandiruote',2982,1826),(11235,'2007-03-04','2007-03-07','komandiruote',3089,1826),(11236,'2007-03-19','2007-03-23','komandiruote',3049,1826),(11237,'2007-04-16','2007-04-18','komandiruote',2955,1826),(11238,'2007-04-22','2007-04-24','komandiruote',2883,1826),(11239,'2007-04-25','2007-04-28','komandiruote',3103,1826),(11240,'2007-05-09','2007-05-11','komandiruote',2997,1826),(11241,'2007-05-31','2007-06-02','komandiruote',3039,1826),(11242,'2007-06-17','2007-06-20','komandiruote',3026,1826),(11243,'2005-12-12','2005-12-14','komandiruote',3079,1827),(11244,'2006-02-07','2006-02-09','komandiruote',2890,1827),(11245,'2006-03-08','2006-03-11','komandiruote',3103,1827),(11246,'2006-03-08','2006-03-11','komandiruote',3103,1827),(11247,'2006-04-24','2006-04-27','komandiruote',2955,1827),(11248,'2006-10-14','2006-10-18','komandiruote',3079,1827),(11249,'2007-03-18','2007-03-21','komandiruote',3039,1827),(11250,'2004-11-25','2004-11-27','komandiruote',3019,1828),(11251,'2006-09-15','2006-09-18','komandiruote',2982,1828),(11252,'2004-12-09','2004-12-11','komandiruote',3063,1829),(11253,'2005-02-21','2005-02-26','komandiruote',3103,1829),(11254,'2005-04-01','2005-04-02','komandiruote',3049,1829),(11255,'2005-05-02','2005-05-03','komandiruote',3103,1829),(11256,'2005-06-08','2005-06-10','komandiruote',2918,1829),(11257,'2005-06-21','2005-06-22','komandiruote',2982,1829),(11258,'2006-06-15','2006-06-17','komandiruote',2981,1829),(11259,'2006-06-15','2006-06-17','komandiruote',2981,1829),(11260,'2007-04-10','2007-04-14','komandiruote',2890,1829),(11261,'2005-03-12','2005-03-17','komandiruote',3103,1830),(11262,'2005-04-01','2005-04-02','komandiruote',3049,1830),(11263,'2005-12-14','2005-12-16','komandiruote',3049,1830),(11264,'2006-01-23','2006-01-25','komandiruote',2890,1830),(11265,'2006-02-13','2006-02-18','komandiruote',3120,1830),(11266,'2006-03-08','2006-03-11','komandiruote',3103,1830),(11267,'2006-03-08','2006-03-11','komandiruote',3103,1830),(11268,'2006-03-19','2006-03-20','komandiruote',2981,1830),(11269,'2006-03-27','2006-03-30','komandiruote',2907,1830),(11270,'2006-04-04','2006-04-07','komandiruote',2981,1830),(11271,'2006-05-18','2006-05-21','komandiruote',3049,1830),(11272,'2006-06-01','2006-06-03','komandiruote',2982,1830),(11273,'2006-06-21','2006-06-25','komandiruote',2948,1830),(11274,'2006-09-26','2006-09-30','komandiruote',3049,1830),(11275,'2006-10-18','2006-10-20','komandiruote',2890,1830),(11276,'2006-10-22','2006-10-27','komandiruote',3049,1830),(11277,'2007-02-14','2007-02-15','komandiruote',3067,1830),(11278,'2007-03-14','2007-03-18','komandiruote',3103,1830),(11279,'2007-05-26','2007-05-27','komandiruote',2887,1830),(11280,'2007-05-28','2007-06-01','komandiruote',2932,1830),(11281,'2007-06-18','2007-06-24','komandiruote',2964,1830),(11282,'2005-01-10','2005-01-11','komandiruote',3042,1831),(11283,'2005-01-23','2005-01-23','komandiruote',3094,1831),(11284,'2005-03-06','2005-03-09','komandiruote',3103,1831),(11285,'2005-04-03','2005-04-09','komandiruote',2962,1831),(11286,'2005-05-03','2005-05-03','komandiruote',2909,1831),(11287,'2005-05-04','2005-05-07','komandiruote',3101,1831),(11288,'2005-05-13','2005-05-13','komandiruote',3094,1831),(11289,'2005-06-04','2005-06-06','komandiruote',2884,1831),(11290,'2005-06-07','2005-06-08','komandiruote',2932,1831),(11291,'2005-06-09','2005-06-12','komandiruote',2880,1831),(11292,'2005-09-06','2005-09-11','komandiruote',2956,1831),(11293,'2005-10-17','2005-10-18','komandiruote',3049,1831),(11294,'2005-10-26','2005-10-29','komandiruote',3101,1831),(11295,'2005-11-07','2005-11-10','komandiruote',2883,1831),(11296,'2005-11-24','2005-11-26','komandiruote',2918,1831),(11297,'2005-12-12','2005-12-14','komandiruote',3079,1831),(11298,'2006-01-30','2006-02-04','komandiruote',2956,1831),(11299,'2006-02-28','2006-03-03','komandiruote',2955,1831),(11300,'2006-09-24','2006-09-27','komandiruote',3042,1831),(11301,'2007-04-19','2007-04-20','komandiruote',2890,1831),(11302,'2005-04-09','2005-04-16','komandiruote',2962,1832),(11303,'2006-04-27','2006-04-28','komandiruote',2981,1832),(11304,'2006-05-04','2006-05-07','komandiruote',2982,1832),(11305,'2004-12-06','2004-12-09','komandiruote',2890,1833),(11306,'2004-12-16','2004-12-17','komandiruote',2890,1834),(11307,'2005-01-28','2005-02-06','komandiruote',2956,1834),(11308,'2005-03-15','2005-03-17','komandiruote',2890,1834),(11309,'2005-03-22','2005-03-23','komandiruote',2890,1834),(11310,'2005-05-20','2005-05-22','komandiruote',3071,1834),(11311,'2005-06-09','2005-06-10','komandiruote',3103,1834),(11312,'2005-06-16','2005-06-16','komandiruote',2890,1834),(11313,'2005-09-23','2005-09-25','komandiruote',2929,1834),(11314,'2005-10-16','2005-10-18','komandiruote',3063,1834),(11315,'2005-11-16','2005-11-18','komandiruote',3067,1834),(11316,'2005-12-15','2005-12-15','komandiruote',2890,1834),(11317,'2006-01-30','2006-02-01','komandiruote',2890,1834),(11318,'2006-03-23','2006-03-23','komandiruote',2890,1834),(11319,'2006-03-29','2006-04-01','komandiruote',2948,1834),(11320,'2006-06-01','2006-06-03','komandiruote',2982,1834),(11321,'2006-06-15','2006-06-15','komandiruote',2890,1834),(11322,'2006-07-13','2006-07-16','komandiruote',3094,1834),(11323,'2006-10-19','2006-10-20','komandiruote',3071,1834),(11324,'2006-10-29','2006-10-31','komandiruote',3071,1834),(11325,'2006-11-19','2006-11-21','komandiruote',3071,1834),(11326,'2006-11-26','2006-11-28','komandiruote',2890,1834),(11327,'2007-02-11','2007-02-13','komandiruote',3103,1834),(11328,'2007-02-23','2007-02-23','komandiruote',2918,1834),(11329,'2007-03-04','2007-03-07','komandiruote',3089,1834),(11330,'2007-03-08','2007-03-08','komandiruote',2890,1834),(11331,'2007-03-21','2007-03-24','komandiruote',2948,1834),(11332,'2007-03-24','2007-03-25','komandiruote',3103,1834),(11333,'2007-04-15','2007-04-17','komandiruote',2982,1834),(11334,'2007-04-23','2007-04-23','komandiruote',3103,1834),(11335,'2007-04-24','2007-04-24','komandiruote',2883,1834),(11336,'2007-04-25','2007-04-28','komandiruote',2976,1834),(11337,'2007-05-13','2007-05-15','komandiruote',3103,1834),(11338,'2007-05-28','2007-06-01','komandiruote',2932,1834),(11339,'2007-06-04','2007-06-04','komandiruote',2982,1834),(11340,'2007-06-10','2007-06-12','komandiruote',2890,1834),(11341,'2007-06-21','2007-06-21','komandiruote',2890,1834),(11342,'2007-06-28','2007-07-01','komandiruote',3094,1834),(11343,'2007-06-14','2007-06-17','komandiruote',3048,1835),(11344,'2007-06-24','2007-06-30','komandiruote',3042,1835),(11345,'2005-10-26','2005-10-27','komandiruote',2918,1836),(11346,'2007-01-23','2007-01-23','komandiruote',2989,1836),(11347,'2007-01-24','2007-01-25','komandiruote',2890,1836),(11348,'2005-02-16','2005-02-17','komandiruote',3049,1837),(11349,'2005-04-01','2005-04-02','komandiruote',3049,1837),(11350,'2005-04-09','2005-04-16','komandiruote',2962,1837),(11351,'2005-04-25','2005-04-28','komandiruote',2890,1837),(11352,'2005-07-16','2005-07-18','komandiruote',2982,1837),(11353,'2005-09-23','2005-09-25','komandiruote',2929,1837),(11354,'2005-10-08','2005-10-16','komandiruote',2966,1837),(11355,'2005-11-27','2005-11-28','komandiruote',2955,1837),(11356,'2006-05-01','2006-05-05','komandiruote',3103,1837),(11357,'2006-10-03','2006-10-05','komandiruote',2890,1837),(11358,'2006-10-03','2006-10-05','komandiruote',2890,1837),(11359,'2006-11-09','2006-11-11','komandiruote',2887,1837),(11360,'2007-02-08','2007-02-14','komandiruote',2956,1837),(11361,'2007-04-16','2007-04-18','komandiruote',2955,1837),(11362,'2007-05-27','2007-05-29','komandiruote',3049,1837),(11363,'2005-03-17','2005-03-20','komandiruote',3079,1838),(11364,'2005-04-25','2005-04-26','komandiruote',2982,1838),(11365,'2005-11-26','2005-11-30','komandiruote',3103,1838),(11366,'2006-10-26','2006-10-27','komandiruote',2981,1839),(11367,'2007-06-04','2007-06-07','komandiruote',2890,1839),(11368,'2004-11-30','2004-12-04','komandiruote',2948,1840),(11369,'2005-01-12','2005-01-14','komandiruote',2981,1840),(11370,'2005-01-13','2005-01-14','komandiruote',2981,1840),(11371,'2005-01-24','2005-01-29','komandiruote',3042,1840),(11372,'2005-02-10','2005-02-13','komandiruote',3019,1840),(11373,'2005-02-15','2005-02-15','komandiruote',2989,1840),(11374,'2005-02-11','2005-02-17','komandiruote',2890,1840),(11375,'2005-02-21','2005-02-26','komandiruote',3103,1840),(11376,'2005-03-02','2005-03-04','komandiruote',3042,1840),(11377,'2005-03-05','2005-03-08','komandiruote',3009,1840),(11378,'2005-04-05','2005-04-09','komandiruote',3042,1840),(11379,'2005-04-13','2005-04-18','komandiruote',2965,1840),(11380,'2005-04-23','2005-04-24','komandiruote',2967,1840),(11381,'2005-04-23','2005-04-30','komandiruote',3042,1840),(11382,'2005-05-11','2005-05-16','komandiruote',3021,1840),(11383,'2005-05-22','2005-05-25','komandiruote',2967,1840),(11384,'2005-05-26','2005-05-29','komandiruote',3035,1840),(11385,'2005-06-19','2005-06-25','komandiruote',3042,1840),(11386,'2005-06-19','2005-06-25','komandiruote',3042,1840),(11387,'2005-06-30','2005-07-05','komandiruote',2871,1840),(11388,'2005-08-25','2005-08-27','komandiruote',2918,1840),(11389,'2005-09-15','2005-09-17','komandiruote',3042,1840),(11390,'2005-09-19','2005-09-21','komandiruote',3103,1840),(11391,'2005-09-30','2005-10-01','komandiruote',3019,1840),(11392,'2005-10-01','2005-10-08','komandiruote',3042,1840),(11393,'2005-10-13','2005-10-14','komandiruote',2918,1840),(11394,'2005-10-18','2005-10-20','komandiruote',2955,1840),(11395,'2005-10-21','2005-10-23','komandiruote',2955,1840),(11396,'2005-11-17','2005-11-20','komandiruote',2955,1840),(11397,'2005-11-21','2005-11-23','komandiruote',3039,1840),(11398,'2005-12-07','2005-12-07','komandiruote',2981,1840),(11399,'2005-12-12','2005-12-14','komandiruote',3042,1840),(11400,'2006-01-10','2006-01-11','komandiruote',3019,1840),(11401,'2006-01-22','2006-01-28','komandiruote',3042,1840),(11402,'2006-02-21','2006-03-03','komandiruote',2882,1840),(11403,'2006-02-21','2006-03-03','komandiruote',3016,1840),(11404,'2006-03-07','2006-03-09','komandiruote',3042,1840),(11405,'2006-03-17','2006-03-20','komandiruote',2887,1840),(11406,'2006-03-27','2006-04-02','komandiruote',3013,1840),(11407,'2006-04-09','2006-04-14','komandiruote',3042,1840),(11408,'2006-04-18','2006-04-20','komandiruote',3071,1840),(11409,'2006-04-27','2006-04-29','komandiruote',3019,1840),(11410,'2006-05-15','2006-05-16','komandiruote',3019,1840),(11411,'2006-05-17','2006-05-18','komandiruote',3101,1840),(11412,'2006-05-19','2006-05-23','komandiruote',3120,1840),(11413,'2006-05-24','2006-05-28','komandiruote',3035,1840),(11414,'2006-06-05','2006-06-08','komandiruote',3042,1840),(11415,'2006-06-09','2006-06-10','komandiruote',3019,1840),(11416,'2006-06-25','2006-07-01','komandiruote',3042,1840),(11417,'2006-07-04','2006-07-06','komandiruote',2992,1840),(11418,'2006-08-29','2006-08-30','komandiruote',3019,1840),(11419,'2006-09-08','2006-09-10','komandiruote',3009,1840),(11420,'2006-09-13','2006-09-17','komandiruote',2929,1840),(11421,'2006-09-19','2006-09-24','komandiruote',3083,1840),(11422,'2006-10-28','2006-11-02','komandiruote',2963,1840),(11423,'2006-11-03','2006-11-10','komandiruote',2932,1840),(11424,'2006-11-12','2006-11-16','komandiruote',3009,1840),(11425,'2006-11-23','2006-11-25','komandiruote',3071,1840),(11426,'2006-11-27','2006-11-29','komandiruote',3039,1840),(11427,'2006-12-12','2006-12-14','komandiruote',3042,1840),(11428,'2006-12-17','2006-12-18','komandiruote',3042,1840),(11429,'2007-01-18','2007-01-22','komandiruote',3120,1840),(11430,'2007-01-21','2007-01-27','komandiruote',3042,1840),(11431,'2007-02-14','2007-02-17','komandiruote',3042,1840),(11432,'2007-03-06','2007-03-09','komandiruote',3009,1840),(11433,'2007-03-11','2007-03-17','komandiruote',3042,1840),(11434,'2007-03-23','2007-03-25','komandiruote',2948,1840),(11435,'2007-03-27','2007-03-29','komandiruote',3042,1840),(11436,'2007-04-15','2007-04-21','komandiruote',3042,1840),(11437,'2007-05-09','2007-05-13','komandiruote',2880,1840),(11438,'2007-05-14','2007-05-17','komandiruote',2992,1840),(11439,'2007-05-23','2007-05-26','komandiruote',3120,1840),(11440,'2007-06-06','2007-06-08','komandiruote',3042,1840),(11441,'2007-06-14','2007-06-16','komandiruote',3019,1840),(11442,'2007-06-24','2007-06-30','komandiruote',3042,1840),(11443,'2005-03-09','2005-03-12','komandiruote',2947,1841),(11444,'2005-03-15','2005-03-17','komandiruote',2890,1841),(11445,'2005-04-04','2005-04-05','komandiruote',2890,1841),(11446,'2005-08-26','2005-08-29','komandiruote',2871,1841),(11447,'2005-10-05','2005-10-07','komandiruote',2890,1841),(11448,'2005-10-08','2005-10-16','komandiruote',2966,1841),(11449,'2005-11-11','2005-11-13','komandiruote',3063,1841),(11450,'2005-11-29','2005-11-29','komandiruote',2955,1841),(11451,'2006-02-06','2006-02-09','komandiruote',3009,1841),(11452,'2006-04-27','2006-04-28','komandiruote',2981,1841),(11453,'2006-05-07','2006-05-09','komandiruote',2890,1841),(11454,'2006-09-06','2006-09-09','komandiruote',2982,1841),(11455,'2006-09-27','2006-09-30','komandiruote',3026,1841),(11456,'2007-03-07','2007-03-11','komandiruote',2884,1841),(11457,'2005-01-20','2005-01-21','komandiruote',3101,1842),(11458,'2005-05-23','2005-05-25','komandiruote',2981,1842),(11459,'2005-06-20','2005-06-22','komandiruote',2890,1842),(11460,'2005-12-01','2005-12-02','komandiruote',2918,1842),(11461,'2006-01-23','2006-01-25','komandiruote',2890,1842),(11462,'2006-06-05','2006-06-08','komandiruote',2890,1842),(11463,'2006-06-15','2006-06-17','komandiruote',2981,1842),(11464,'2006-06-15','2006-06-17','komandiruote',2981,1842),(11465,'2007-04-10','2007-04-14','komandiruote',2890,1842),(11466,'2007-06-04','2007-06-04','komandiruote',2982,1842),(11467,'2005-01-23','2005-01-26','komandiruote',2890,1843),(11468,'2005-03-08','2005-03-10','komandiruote',2890,1843),(11469,'2005-04-05','2005-04-09','komandiruote',3103,1843),(11470,'2005-05-22','2005-05-28','komandiruote',2907,1843),(11471,'2005-05-22','2005-05-28','komandiruote',3067,1843),(11472,'2005-06-12','2005-06-17','komandiruote',3042,1843),(11473,'2005-11-07','2005-11-08','komandiruote',2955,1843),(11474,'2005-12-18','2005-12-20','komandiruote',3094,1843),(11475,'2006-03-17','2006-03-20','komandiruote',2887,1843),(11476,'2006-03-29','2006-03-30','komandiruote',2918,1843),(11477,'2006-04-22','2006-05-05','komandiruote',3103,1843),(11478,'2006-05-29','2006-05-31','komandiruote',2890,1843),(11479,'2006-06-05','2006-06-08','komandiruote',3068,1843),(11480,'2006-10-17','2006-10-19','komandiruote',3048,1843),(11481,'2006-11-05','2006-11-07','komandiruote',3103,1843),(11482,'2007-03-29','2007-03-30','komandiruote',2932,1843),(11483,'2005-01-24','2005-01-29','komandiruote',3042,1844),(11484,'2005-03-10','2005-03-12','komandiruote',2948,1844),(11485,'2005-04-23','2005-04-30','komandiruote',3042,1844),(11486,'2005-05-18','2005-05-22','komandiruote',3101,1844),(11487,'2005-05-23','2005-05-25','komandiruote',2981,1844),(11488,'2005-10-01','2005-10-08','komandiruote',3042,1844),(11489,'2005-11-12','2005-11-16','komandiruote',3089,1844),(11490,'2006-01-22','2006-01-28','komandiruote',3042,1844),(11491,'2006-04-27','2006-04-28','komandiruote',2981,1844),(11492,'2006-05-17','2006-05-20','komandiruote',3063,1844),(11493,'2006-06-01','2006-06-03','komandiruote',2982,1844),(11494,'2006-06-15','2006-06-17','komandiruote',2981,1844),(11495,'2006-06-25','2006-07-01','komandiruote',3042,1844),(11496,'2006-09-30','2006-10-07','komandiruote',3042,1844),(11497,'2007-06-28','2007-06-28','komandiruote',2890,1844),(11498,'2004-12-17','2004-12-19','komandiruote',2981,1845),(11499,'2005-04-27','2005-04-30','komandiruote',2918,1845),(11500,'2005-10-20','2005-10-21','komandiruote',2981,1845),(11501,'2005-11-24','2005-11-27','komandiruote',2918,1845),(11502,'2006-11-21','2006-11-24','komandiruote',2890,1845),(11503,'2007-05-17','2007-05-19','komandiruote',2981,1845),(11504,'2005-05-03','2005-05-03','komandiruote',2981,1846),(11505,'2005-05-19','2005-05-20','komandiruote',2918,1846),(11506,'2005-06-01','2005-06-03','komandiruote',2989,1846),(11507,'2005-11-24','2005-11-26','komandiruote',2918,1846),(11508,'2006-04-02','2006-04-06','komandiruote',3089,1846),(11509,'2007-05-07','2007-05-10','komandiruote',2890,1846),(11510,'2004-12-14','2004-12-16','komandiruote',2890,1847),(11511,'2005-10-04','2005-10-05','komandiruote',2890,1847),(11512,'2005-10-26','2005-10-27','komandiruote',2918,1847),(11513,'2005-11-23','2005-11-24','komandiruote',2955,1847),(11514,'2005-12-18','2005-12-20','komandiruote',3094,1847),(11515,'2006-04-27','2006-04-28','komandiruote',2981,1847),(11516,'2006-05-29','2006-05-31','komandiruote',2890,1847),(11517,'2006-06-05','2006-06-08','komandiruote',3068,1847),(11518,'2006-10-01','2006-10-03','komandiruote',2890,1847),(11519,'2007-05-21','2007-05-22','komandiruote',2981,1847),(11520,'2007-06-14','2007-06-17','komandiruote',3048,1847),(11521,'2004-12-14','2004-12-16','komandiruote',2890,1848),(11522,'2005-02-23','2005-02-26','komandiruote',2883,1848),(11523,'2005-05-11','2005-05-15','komandiruote',3026,1848),(11524,'2005-06-29','2005-07-06','komandiruote',2956,1848),(11525,'2005-10-06','2005-10-11','komandiruote',3120,1848),(11526,'2005-10-17','2005-10-19','komandiruote',3048,1848),(11527,'2005-11-09','2005-11-14','komandiruote',2999,1848),(11528,'2006-02-22','2006-02-26','komandiruote',2883,1848),(11529,'2006-03-17','2006-03-20','komandiruote',2887,1848),(11530,'2006-03-23','2006-03-27','komandiruote',3094,1848),(11531,'2006-05-18','2006-05-22','komandiruote',3120,1848),(11532,'2006-06-12','2006-06-17','komandiruote',2956,1848),(11533,'2006-07-02','2006-07-07','komandiruote',2890,1848),(11534,'2006-09-29','2006-10-02','komandiruote',2896,1848),(11535,'2007-05-13','2007-05-15','komandiruote',3026,1848),(11536,'2007-05-23','2007-05-27','komandiruote',2874,1848),(11537,'2007-06-10','2007-06-12','komandiruote',3103,1848),(11538,'2004-12-17','2004-12-19','komandiruote',2981,1849),(11539,'2005-04-27','2005-04-30','komandiruote',2918,1849),(11540,'2005-05-19','2005-05-22','komandiruote',2890,1849),(11541,'2005-10-20','2005-10-21','komandiruote',2981,1849),(11542,'2005-11-24','2005-11-27','komandiruote',2918,1849),(11543,'2006-04-27','2006-04-28','komandiruote',2981,1849),(11544,'2006-05-18','2006-05-21','komandiruote',2890,1849),(11545,'2006-06-08','2006-06-10','komandiruote',2918,1849),(11546,'2006-11-21','2006-11-24','komandiruote',2890,1849),(11547,'2007-01-29','2007-01-31','komandiruote',3071,1849),(11548,'2007-05-17','2007-05-19','komandiruote',2981,1849),(11549,'2004-12-06','2004-12-09','komandiruote',2890,1850),(11550,'2005-09-27','2005-09-30','komandiruote',3063,1850),(11551,'2005-09-27','2005-09-30','komandiruote',3063,1850),(11552,'2005-10-26','2005-10-29','komandiruote',3101,1850),(11553,'2006-06-01','2006-06-03','komandiruote',2982,1850),(11554,'2006-09-28','2006-09-29','komandiruote',2981,1850),(11555,'2006-10-25','2006-10-28','komandiruote',2947,1850),(11556,'2005-01-24','2005-01-29','komandiruote',3042,1851),(11557,'2005-02-20','2005-02-22','komandiruote',3042,1851),(11558,'2005-03-16','2005-03-18','komandiruote',3042,1851),(11559,'2005-04-03','2005-04-09','komandiruote',2962,1851),(11560,'2005-04-23','2005-04-30','komandiruote',3042,1851),(11561,'2005-05-05','2005-05-08','komandiruote',2982,1851),(11562,'2005-05-25','2005-05-27','komandiruote',3042,1851),(11563,'2005-05-30','2005-06-03','komandiruote',3042,1851),(11564,'2005-06-19','2005-06-25','komandiruote',3042,1851),(11565,'2005-06-19','2005-06-25','komandiruote',3042,1851),(11566,'2005-06-30','2005-07-04','komandiruote',2947,1851),(11567,'2005-08-31','2005-09-03','komandiruote',3010,1851),(11568,'2005-09-08','2005-09-11','komandiruote',3079,1851),(11569,'2005-09-14','2005-09-18','komandiruote',3094,1851),(11570,'2005-10-01','2005-10-08','komandiruote',3042,1851),(11571,'2005-10-19','2005-10-22','komandiruote',3042,1851),(11572,'2005-11-02','2005-11-06','komandiruote',3048,1851),(11573,'2005-12-04','2005-12-09','komandiruote',3103,1851),(11574,'2005-12-15','2005-12-17','komandiruote',3042,1851),(11575,'2006-01-22','2006-01-28','komandiruote',3042,1851),(11576,'2006-02-27','2006-03-01','komandiruote',3042,1851),(11577,'2006-03-18','2006-03-23','komandiruote',3005,1851),(11578,'2006-03-27','2006-03-29','komandiruote',3042,1851),(11579,'2006-04-09','2006-04-14','komandiruote',3042,1851),(11580,'2006-05-04','2006-05-07','komandiruote',2982,1851),(11581,'2006-05-10','2006-05-14','komandiruote',3042,1851),(11582,'2006-05-29','2006-06-02','komandiruote',2890,1851),(11583,'2006-06-08','2006-06-10','komandiruote',3042,1851),(11584,'2006-06-15','2006-06-17','komandiruote',2883,1851),(11585,'2006-06-25','2006-07-01','komandiruote',3042,1851),(11586,'2006-09-14','2006-09-16','komandiruote',3042,1851),(11587,'2006-09-20','2006-09-21','komandiruote',3103,1851),(11588,'2006-09-22','2006-09-24','komandiruote',3101,1851),(11589,'2006-09-30','2006-10-07','komandiruote',3042,1851),(11590,'2006-10-24','2006-10-28','komandiruote',2962,1851),(11591,'2006-11-20','2006-11-22','komandiruote',3042,1851),(11592,'2006-12-13','2006-12-15','komandiruote',3042,1851),(11593,'2007-01-21','2007-01-27','komandiruote',3042,1851),(11594,'2007-03-01','2007-03-03','komandiruote',3042,1851),(11595,'2007-03-21','2007-03-23','komandiruote',3049,1851),(11596,'2007-04-15','2007-04-21','komandiruote',3042,1851),(11597,'2007-05-15','2007-05-18','komandiruote',2955,1851),(11598,'2007-05-27','2007-05-28','komandiruote',2982,1851),(11599,'2007-05-30','2007-06-01','komandiruote',3042,1851),(11600,'2007-06-24','2007-06-30','komandiruote',3042,1851),(11601,'2005-02-15','2005-02-15','komandiruote',2989,1852),(11602,'2005-02-11','2005-02-17','komandiruote',2890,1852),(11603,'2005-02-23','2005-02-26','komandiruote',2883,1852),(11604,'2005-03-03','2005-03-08','komandiruote',3009,1852),(11605,'2005-04-06','2005-04-08','komandiruote',3071,1852),(11606,'2005-04-24','2005-04-26','komandiruote',2890,1852),(11607,'2005-05-11','2005-05-15','komandiruote',3026,1852),(11608,'2005-05-16','2005-05-19','komandiruote',2989,1852),(11609,'2005-06-05','2005-06-08','komandiruote',2955,1852),(11610,'2005-06-29','2005-07-06','komandiruote',2956,1852),(11611,'2005-07-07','2005-07-12','komandiruote',2968,1852),(11612,'2005-09-22','2005-09-27','komandiruote',2956,1852),(11613,'2005-10-06','2005-10-11','komandiruote',3120,1852),(11614,'2005-10-13','2005-10-14','komandiruote',2890,1852),(11615,'2005-10-16','2005-10-19','komandiruote',2907,1852),(11616,'2005-11-02','2005-11-08','komandiruote',2884,1852),(11617,'2005-11-16','2005-11-18','komandiruote',3019,1852),(11618,'2005-12-01','2005-12-06','komandiruote',2964,1852),(11619,'2005-12-01','2005-12-06','komandiruote',2964,1852),(11620,'2006-02-20','2006-02-21','komandiruote',2890,1852),(11621,'2006-02-22','2006-02-26','komandiruote',2883,1852),(11622,'2006-03-17','2006-03-20','komandiruote',2887,1852),(11623,'2006-03-23','2006-03-27','komandiruote',3094,1852),(11624,'2006-04-02','2006-04-07','komandiruote',3042,1852),(11625,'2006-04-17','2006-04-19','komandiruote',2890,1852),(11626,'2006-05-21','2006-05-23','komandiruote',2883,1852),(11627,'2006-05-29','2006-05-31','komandiruote',2890,1852),(11628,'2006-06-08','2006-06-11','komandiruote',2932,1852),(11629,'2006-06-25','2006-07-04','komandiruote',2956,1852),(11630,'2006-07-02','2006-07-07','komandiruote',2890,1852),(11631,'2006-09-08','2006-09-11','komandiruote',3120,1852),(11632,'2006-09-29','2006-10-02','komandiruote',2896,1852),(11633,'2006-10-03','2006-10-05','komandiruote',2890,1852),(11634,'2006-11-16','2006-11-21','komandiruote',2997,1852),(11635,'2006-11-26','2006-11-28','komandiruote',2890,1852),(11636,'2006-12-03','2006-12-05','komandiruote',2890,1852),(11637,'2007-01-18','2007-01-22','komandiruote',3120,1852),(11638,'2007-02-21','2007-02-24','komandiruote',2883,1852),(11639,'2007-02-27','2007-03-01','komandiruote',2890,1852),(11640,'2007-03-04','2007-03-07','komandiruote',3089,1852),(11641,'2007-04-19','2007-04-20','komandiruote',2890,1852),(11642,'2007-05-09','2007-05-15','komandiruote',2880,1852),(11643,'2007-05-31','2007-06-02','komandiruote',3039,1852),(11644,'2007-06-12','2007-06-16','komandiruote',3103,1852),(11645,'2007-06-27','2007-07-02','komandiruote',3010,1852),(11646,'2007-07-04','2007-07-10','komandiruote',3094,1852),(11647,'2004-12-09','2004-12-12','komandiruote',3026,1853),(11648,'2004-12-17','2004-12-19','komandiruote',2981,1853),(11649,'2005-03-20','2005-03-25','komandiruote',3049,1853),(11650,'2005-04-27','2005-04-30','komandiruote',2918,1853),(11651,'2005-06-04','2005-06-06','komandiruote',2992,1853),(11652,'2005-09-08','2005-09-09','komandiruote',2981,1853),(11653,'2005-09-21','2005-09-23','komandiruote',3063,1853),(11654,'2005-11-09','2005-11-14','komandiruote',2999,1853),(11655,'2005-11-24','2005-11-27','komandiruote',2918,1853),(11656,'2006-01-10','2006-01-11','komandiruote',3071,1853),(11657,'2006-03-01','2006-03-04','komandiruote',2918,1853),(11658,'2006-03-21','2006-03-23','komandiruote',3049,1853),(11659,'2006-07-09','2006-07-14','komandiruote',2890,1853),(11660,'2006-09-19','2006-09-21','komandiruote',3071,1853),(11661,'2006-11-20','2006-11-21','komandiruote',2890,1853),(11662,'2007-01-25','2007-01-26','komandiruote',2981,1853),(11663,'2007-02-21','2007-02-24','komandiruote',3026,1853),(11664,'2007-03-21','2007-03-23','komandiruote',3049,1853),(11665,'2007-03-27','2007-03-30','komandiruote',2870,1853),(11666,'2007-04-15','2007-04-18','komandiruote',2909,1853),(11667,'2007-05-12','2007-05-15','komandiruote',3063,1853),(11668,'2007-05-17','2007-05-19','komandiruote',2981,1853),(11669,'2007-06-26','2007-06-29','komandiruote',2909,1853),(11670,'2005-02-26','2005-03-01','komandiruote',3063,1854),(11671,'2005-10-08','2005-10-16','komandiruote',2966,1854),(11672,'2005-10-25','2005-11-03','komandiruote',3035,1854),(11673,'2005-11-24','2005-11-26','komandiruote',2918,1854),(11674,'2006-10-30','2006-11-01','komandiruote',3071,1854),(11675,'2006-11-21','2006-11-24','komandiruote',2890,1854),(11676,'2006-12-08','2006-12-17','komandiruote',2966,1854),(11677,'2007-05-16','2007-05-17','komandiruote',2981,1854),(11678,'2005-11-24','2005-11-27','komandiruote',2918,1855),(11679,'2004-12-03','2004-12-03','komandiruote',2887,1856),(11680,'2004-12-05','2004-12-09','komandiruote',2956,1856),(11681,'2005-02-19','2005-02-21','komandiruote',2890,1856),(11682,'2005-04-26','2005-04-28','komandiruote',3094,1856),(11683,'2005-05-18','2005-05-19','komandiruote',2918,1856),(11684,'2005-05-27','2005-06-01','komandiruote',3068,1856),(11685,'2005-09-09','2005-09-11','komandiruote',3026,1856),(11686,'2005-09-15','2005-09-22','komandiruote',2869,1856),(11687,'2005-11-11','2005-11-16','komandiruote',2909,1856),(11688,'2005-12-04','2005-12-08','komandiruote',2956,1856),(11689,'2006-01-22','2006-01-29','komandiruote',2956,1856),(11690,'2006-01-30','2006-02-03','komandiruote',2956,1856),(11691,'2006-02-18','2006-02-21','komandiruote',2890,1856),(11692,'2006-03-17','2006-03-20','komandiruote',2887,1856),(11693,'2006-03-23','2006-03-26','komandiruote',3089,1856),(11694,'2006-05-26','2006-05-31','komandiruote',3042,1856),(11695,'2006-11-12','2006-11-19','komandiruote',2962,1856),(11696,'2007-01-21','2007-01-27','komandiruote',2956,1856),(11697,'2007-02-17','2007-02-20','komandiruote',2890,1856),(11698,'2007-03-12','2007-03-18','komandiruote',3028,1856),(11699,'2007-03-23','2007-03-25','komandiruote',3101,1856),(11700,'2007-04-18','2007-04-21','komandiruote',2932,1856),(11701,'2007-05-13','2007-05-15','komandiruote',3026,1856),(11702,'2007-05-24','2007-05-29','komandiruote',3039,1856),(11703,'2005-05-24','2005-05-28','komandiruote',3079,1857),(11704,'2005-11-22','2005-11-25','komandiruote',2890,1857),(11705,'2006-06-25','2006-07-04','komandiruote',2956,1857),(11706,'2006-10-30','2006-11-01','komandiruote',3071,1857),(11707,'2007-05-30','2007-05-31','komandiruote',3103,1857),(11708,'2007-06-03','2007-06-06','komandiruote',3042,1857),(11709,'2005-04-27','2005-04-30','komandiruote',2918,1858),(11710,'2005-06-08','2005-06-10','komandiruote',2918,1858),(11711,'2005-10-20','2005-10-21','komandiruote',2981,1858),(11712,'2005-11-24','2005-11-27','komandiruote',2918,1858),(11713,'2006-05-21','2006-05-23','komandiruote',2883,1858),(11714,'2006-06-08','2006-06-10','komandiruote',2918,1858),(11715,'2007-01-29','2007-01-31','komandiruote',3071,1858),(11716,'2007-05-17','2007-05-19','komandiruote',2981,1858),(11717,'2004-12-09','2004-12-12','komandiruote',3026,1859),(11718,'2004-12-17','2004-12-19','komandiruote',2981,1859),(11719,'2005-04-27','2005-04-30','komandiruote',2918,1859),(11720,'2005-09-15','2005-09-16','komandiruote',2981,1859),(11721,'2005-10-26','2005-10-27','komandiruote',2918,1859),(11722,'2005-11-24','2005-11-27','komandiruote',2918,1859),(11723,'2006-04-06','2006-04-08','komandiruote',2981,1859),(11724,'2006-07-09','2006-07-14','komandiruote',2890,1859),(11725,'2007-01-25','2007-01-26','komandiruote',2981,1859),(11726,'2007-05-17','2007-05-19','komandiruote',2981,1859),(11727,'2005-10-26','2005-10-27','komandiruote',2918,1860),(11728,'2004-12-09','2004-12-11','komandiruote',3063,1861),(11729,'2004-12-17','2004-12-19','komandiruote',2981,1861),(11730,'2005-05-02','2005-05-03','komandiruote',3103,1861),(11731,'2005-05-04','2005-05-05','komandiruote',2981,1861),(11732,'2005-05-27','2005-05-29','komandiruote',3094,1861),(11733,'2005-08-18','2005-08-18','komandiruote',2982,1861),(11734,'2005-10-08','2005-10-16','komandiruote',2966,1861),(11735,'2005-10-31','2005-11-03','komandiruote',2880,1861),(11736,'2005-11-24','2005-11-27','komandiruote',2918,1861),(11737,'2006-02-06','2006-02-09','komandiruote',2932,1861),(11738,'2006-03-07','2006-03-08','komandiruote',2982,1861),(11739,'2006-04-26','2006-04-28','komandiruote',3049,1861),(11740,'2006-06-01','2006-06-03','komandiruote',2982,1861),(11741,'2006-09-22','2006-09-28','komandiruote',2966,1861),(11742,'2006-09-29','2006-09-30','komandiruote',2982,1861),(11743,'2006-10-14','2006-10-16','komandiruote',3009,1861),(11744,'2006-11-14','2006-11-16','komandiruote',3094,1861),(11745,'2007-05-01','2007-05-02','komandiruote',2982,1861),(11746,'2007-05-28','2007-05-29','komandiruote',2982,1861),(11747,'2004-12-06','2004-12-09','komandiruote',2890,1862),(11748,'2005-03-15','2005-03-25','komandiruote',2962,1862),(11749,'2005-09-27','2005-09-30','komandiruote',3063,1862),(11750,'2006-04-12','2006-04-12','komandiruote',2981,1862),(11751,'2006-09-28','2006-09-29','komandiruote',2981,1862),(11752,'2007-04-25','2007-04-28','komandiruote',3103,1862),(11753,'2007-05-09','2007-05-13','komandiruote',2948,1862),(11754,'2007-06-01','2007-06-03','komandiruote',2870,1862),(11755,'2005-05-23','2005-05-25','komandiruote',2981,1863),(11756,'2005-11-28','2005-12-06','komandiruote',3082,1863),(11757,'2006-06-01','2006-06-03','komandiruote',2982,1863),(11758,'2005-05-05','2005-05-08','komandiruote',2982,1864),(11759,'2005-07-01','2005-07-03','komandiruote',3049,1864),(11760,'2006-05-04','2006-05-07','komandiruote',2982,1864),(11761,'2007-03-26','2007-03-30','komandiruote',3103,1864),(11762,'2007-06-21','2007-06-23','komandiruote',3009,1864),(11763,'2004-11-26','2004-11-27','komandiruote',3103,1865),(11764,'2005-02-15','2005-02-15','komandiruote',2989,1865),(11765,'2005-02-11','2005-02-17','komandiruote',2890,1865),(11766,'2005-03-15','2005-03-17','komandiruote',2890,1865),(11767,'2005-05-23','2005-05-26','komandiruote',2890,1865),(11768,'2005-10-06','2005-10-09','komandiruote',3049,1865),(11769,'2005-11-22','2005-11-25','komandiruote',2890,1865),(11770,'2005-12-01','2005-12-05','komandiruote',3034,1865),(11771,'2005-12-06','2005-12-11','komandiruote',2899,1865),(11772,'2006-03-19','2006-03-20','komandiruote',2981,1865),(11773,'2006-06-19','2006-06-23','komandiruote',2890,1865),(11774,'2006-06-27','2006-06-27','komandiruote',2890,1865),(11775,'2006-09-27','2006-09-30','komandiruote',2946,1865),(11776,'2006-10-25','2006-10-28','komandiruote',2947,1865),(11777,'2007-02-04','2007-02-06','komandiruote',2890,1865),(11778,'2007-04-17','2007-04-19','komandiruote',3063,1865),(11779,'2007-05-09','2007-05-13','komandiruote',2948,1865),(11780,'2004-12-14','2004-12-16','komandiruote',2890,1866),(11781,'2005-03-08','2005-03-09','komandiruote',2907,1866),(11782,'2005-03-21','2005-03-22','komandiruote',2982,1866),(11783,'2005-03-21','2005-03-22','komandiruote',2982,1866),(11784,'2005-10-16','2005-10-18','komandiruote',2890,1866),(11785,'2005-12-06','2005-12-08','komandiruote',2890,1866),(11786,'2006-03-29','2006-03-30','komandiruote',2918,1866),(11787,'2005-05-23','2005-05-25','komandiruote',2981,1867),(11788,'2005-10-08','2005-10-16','komandiruote',2966,1867),(11789,'2006-01-23','2006-01-25','komandiruote',2890,1867),(11790,'2006-02-20','2006-02-21','komandiruote',2890,1867),(11791,'2006-05-17','2006-05-19','komandiruote',3103,1867),(11792,'2006-06-01','2006-06-03','komandiruote',2982,1867),(11793,'2006-10-29','2006-10-31','komandiruote',3071,1867),(11794,'2006-11-27','2006-11-28','komandiruote',2890,1867),(11795,'2004-12-01','2004-12-02','komandiruote',3042,1868),(11796,'2004-12-17','2004-12-19','komandiruote',2981,1868),(11797,'2005-04-27','2005-04-30','komandiruote',2918,1868),(11798,'2005-06-09','2005-06-12','komandiruote',2918,1868),(11799,'2005-09-18','2005-09-20','komandiruote',3063,1868),(11800,'2005-11-24','2005-11-27','komandiruote',2918,1868),(11801,'2006-01-22','2006-01-28','komandiruote',3042,1868),(11802,'2006-03-14','2006-03-16','komandiruote',3042,1868),(11803,'2006-04-09','2006-04-14','komandiruote',3042,1868),(11804,'2006-04-27','2006-04-28','komandiruote',2981,1868),(11805,'2006-06-25','2006-07-01','komandiruote',3042,1868),(11806,'2006-09-06','2006-09-08','komandiruote',3042,1868),(11807,'2006-09-30','2006-10-07','komandiruote',3042,1868),(11808,'2007-04-17','2007-04-19','komandiruote',3063,1868),(11809,'2007-05-17','2007-05-19','komandiruote',2981,1868),(11810,'2005-02-15','2005-02-15','komandiruote',2989,1869),(11811,'2005-02-11','2005-02-17','komandiruote',2890,1869),(11812,'2005-03-21','2005-03-24','komandiruote',2955,1869),(11813,'2005-10-26','2005-10-29','komandiruote',3101,1869),(11814,'2006-02-05','2006-02-08','komandiruote',2967,1869),(11815,'2006-06-12','2006-06-17','komandiruote',2956,1869),(11816,'2006-10-09','2006-10-10','komandiruote',2890,1869),(11817,'2006-11-26','2006-11-28','komandiruote',2890,1869),(11818,'2007-03-27','2007-03-30','komandiruote',2870,1869);
/*!40000 ALTER TABLE `trips` ENABLE KEYS */;
UNLOCK TABLES;

/*!40101 SET SQL_MODE=@OLD_SQL_MODE */;
/*!40014 SET FOREIGN_KEY_CHECKS=@OLD_FOREIGN_KEY_CHECKS */;
/*!40014 SET UNIQUE_CHECKS=@OLD_UNIQUE_CHECKS */;
/*!40101 SET CHARACTER_SET_CLIENT=@OLD_CHARACTER_SET_CLIENT */;
/*!40101 SET CHARACTER_SET_RESULTS=@OLD_CHARACTER_SET_RESULTS */;
/*!40101 SET COLLATION_CONNECTION=@OLD_COLLATION_CONNECTION */;
/*!40111 SET SQL_NOTES=@OLD_SQL_NOTES */;

